id,name,isActive,type,users,resources
R3JvdXA6MTYzNzk1,Everyone,True,SYSTEM,"['VXNlcjozODQ5ODA=', 'VXNlcjozODQ5ODI=', 'VXNlcjozODQ5ODY=', 'VXNlcjozODQ5ODc=', 'VXNlcjozODUwMDI=', 'VXNlcjozOTg1NzY=', 'VXNlcjozOTg1Nzg=', 'VXNlcjozOTg1Nzk=', 'VXNlcjozOTg1ODQ=', 'VXNlcjo0MDM2NDc=', 'VXNlcjo0MDgyODE=', 'VXNlcjo0MDgyODI=', 'VXNlcjo0MDgyODM=', 'VXNlcjo0MDg0MDY=', 'VXNlcjo0MzY1MDY=', 'VXNlcjo0MzY1MDc=', 'VXNlcjo0MzY1MDg=', 'VXNlcjo0MzY1MDk=', 'VXNlcjo0MzY1MTA=', 'VXNlcjo0NTk0MTg=', 'VXNlcjo0NTk0MTk=', 'VXNlcjo0NTk0MjA=', 'VXNlcjo0NTk0MjM=', 'VXNlcjo0NTk0MjQ=', 'VXNlcjo0NTk0MjU=', 'VXNlcjo0NTk0Mjc=', 'VXNlcjo0NTk5ODc=', 'VXNlcjo0NjY4Nzg=', 'VXNlcjo0NjY4ODI=', 'VXNlcjo0NzE2MjI=', 'VXNlcjo0NzI2MTg=', 'VXNlcjo0NzMxNzM=', 'VXNlcjo0NzMxNzU=', 'VXNlcjo0NzMxNzY=', 'VXNlcjo0NzMxNzk=', 'VXNlcjo0NzMxODg=', 'VXNlcjo0NzMxOTM=', 'VXNlcjo0NzMxOTQ=', 'VXNlcjo0NzMxOTU=', 'VXNlcjo0NzMxOTg=', 'VXNlcjo0NzMxOTk=', 'VXNlcjo0NzMyMDE=', 'VXNlcjo0NzMyMDI=', 'VXNlcjo0NzMyMDM=', 'VXNlcjo0NzMyMDU=', 'VXNlcjo0NzMyODI=', 'VXNlcjo0NzMyODM=', 'VXNlcjo0NzMyODU=', 'VXNlcjo0NzMyODY=', 'VXNlcjo0NzMyODg=']","['UmVzb3VyY2U6MjM0ODczNQ==', 'UmVzb3VyY2U6MjQ1ODc5MQ==', 'UmVzb3VyY2U6MjQ1ODc5Mg==', 'UmVzb3VyY2U6MjQ4NDI2Nw==', 'UmVzb3VyY2U6MjQ5MTI5OQ==', 'UmVzb3VyY2U6MzQ4NDAyNQ==', 'UmVzb3VyY2U6MzQ4NDAyOQ==', 'UmVzb3VyY2U6MzQ4NDAzMw==', 'UmVzb3VyY2U6MzQ4NDA0OQ==']"
R3JvdXA6MTYzODAz,EverOps,False,SYNCED,"['VXNlcjozODQ5ODA=', 'VXNlcjozODQ5ODY=', 'VXNlcjozODQ5ODc=', 'VXNlcjo2NjE3NTQ=', 'VXNlcjo3NzQ2Mjg=']","['UmVzb3VyY2U6MjkzNDc4Mg==', 'UmVzb3VyY2U6Mjk4MDIyNA==']"
R3JvdXA6MTYzODIx,All Employees,True,SYNCED,"['VXNlcjozODQ5ODI=', 'VXNlcjozODUwMDI=', 'VXNlcjozOTg1NzY=', 'VXNlcjozOTg1Nzg=', 'VXNlcjozOTg1Nzk=', 'VXNlcjozOTg1ODQ=', 'VXNlcjo0MDM2NDc=', 'VXNlcjo0MDgyODE=', 'VXNlcjo0MDgyODI=', 'VXNlcjo0MDgyODM=', 'VXNlcjo0MDg0MDY=', 'VXNlcjo0MzY1MDY=', 'VXNlcjo0MzY1MDc=', 'VXNlcjo0MzY1MDg=', 'VXNlcjo0MzY1MDk=', 'VXNlcjo0MzY1MTA=', 'VXNlcjo0NTk0MTg=', 'VXNlcjo0NTk0MTk=', 'VXNlcjo0NTk0MjA=', 'VXNlcjo0NTk0MjM=', 'VXNlcjo0NTk0MjQ=', 'VXNlcjo0NTk0MjU=', 'VXNlcjo0NTk0Mjc=', 'VXNlcjo0NTk5ODc=', 'VXNlcjo0NjY4Nzg=', 'VXNlcjo0NjY4ODI=', 'VXNlcjo0NzE2MjI=', 'VXNlcjo0NzI2MTg=', 'VXNlcjo0NzMxNzM=', 'VXNlcjo0NzMxNzU=', 'VXNlcjo0NzMxNzY=', 'VXNlcjo0NzMxNzk=', 'VXNlcjo0NzMxODg=', 'VXNlcjo0NzMxOTM=', 'VXNlcjo0NzMxOTQ=', 'VXNlcjo0NzMxOTU=', 'VXNlcjo0NzMxOTg=', 'VXNlcjo0NzMxOTk=', 'VXNlcjo0NzMyMDE=', 'VXNlcjo0NzMyMDI=', 'VXNlcjo0NzMyMDM=', 'VXNlcjo0NzMyMDU=', 'VXNlcjo0NzMyODI=', 'VXNlcjo0NzMyODM=', 'VXNlcjo0NzMyODU=', 'VXNlcjo0NzMyODY=', 'VXNlcjo0NzMyODg=', 'VXNlcjo0NzMyODk=', 'VXNlcjo0NzMyOTA=', 'VXNlcjo0NzMyOTE=']","['UmVzb3VyY2U6MjM0ODc3NA==', 'UmVzb3VyY2U6MjM1ODg2Mg==', 'UmVzb3VyY2U6MjM1ODg2OA==', 'UmVzb3VyY2U6MjM1OTgxMw==', 'UmVzb3VyY2U6MjM2MzU0Mg==', 'UmVzb3VyY2U6MjM2MzU0Mw==', 'UmVzb3VyY2U6MjM2MzU0NA==', 'UmVzb3VyY2U6MjM2MzU0NQ==', 'UmVzb3VyY2U6MjM2MzU0Ng==', 'UmVzb3VyY2U6MjM2MzU0Nw==', 'UmVzb3VyY2U6MjQ1ODc5MQ==', 'UmVzb3VyY2U6MjQ1ODc5Mg==', 'UmVzb3VyY2U6MjUyMTQ3OQ==', 'UmVzb3VyY2U6MjUyNDA0OQ==', 'UmVzb3VyY2U6MjkzNDc4Mg==', 'UmVzb3VyY2U6Mjk4MDIyNA==', 'UmVzb3VyY2U6MzI1MDI4MA==', 'UmVzb3VyY2U6MzMyMDkxOQ==', 'UmVzb3VyY2U6MzM5NTEzMA==', 'UmVzb3VyY2U6MzQwMzc4MQ==', 'UmVzb3VyY2U6MzQ3OTY3Ng==', 'UmVzb3VyY2U6MzYwMzIxOQ==']"
R3JvdXA6MTYzODIy,Teleperformance,False,SYNCED,"['VXNlcjo2MjY4Mjc=', 'VXNlcjo2MjY4MzA=', 'VXNlcjo2MjY4MzE=', 'VXNlcjo2NTI0MDA=', 'VXNlcjo2NTI0MDI=', 'VXNlcjo2NTI0MDM=', 'VXNlcjo2NTI0MDQ=', 'VXNlcjo2NTI0MDY=', 'VXNlcjo2NTI0MDk=', 'VXNlcjo2NTI0MTA=', 'VXNlcjo2NTI0MTI=', 'VXNlcjo2NTI0MTY=', 'VXNlcjo2NTI0MTc=', 'VXNlcjo2NTI0MTk=', 'VXNlcjo2NTI0MjE=', 'VXNlcjo2NTI0MjI=', 'VXNlcjo2NTI0MjM=', 'VXNlcjo2NTI0Mjc=', 'VXNlcjo2NTI0Mjk=', 'VXNlcjo2NTI0MzE=', 'VXNlcjo2NTI0MzM=', 'VXNlcjo2NTI0MzU=', 'VXNlcjo2NTI0MzY=', 'VXNlcjo2NTI0Mzc=', 'VXNlcjo2NTI0Mzk=', 'VXNlcjo2NTI0NDE=', 'VXNlcjo2NTI0NDc=', 'VXNlcjo2NTI0NDk=', 'VXNlcjo2NTI0NTA=', 'VXNlcjo2NTI0NTI=', 'VXNlcjo2NTI0NTM=', 'VXNlcjo2NTI0NTg=', 'VXNlcjo2NTI0NjA=', 'VXNlcjo2NTI0NjE=', 'VXNlcjo2NTI0NzQ=', 'VXNlcjo2NTI0Nzk=', 'VXNlcjo2NTI0OTE=', 'VXNlcjo2NTI0OTQ=', 'VXNlcjo2NTI0OTk=', 'VXNlcjo2NTI1MDg=', 'VXNlcjo2NTI1MTA=', 'VXNlcjo2NTI1MTI=', 'VXNlcjo2NTI1MTQ=', 'VXNlcjo2NTI1MTY=', 'VXNlcjo2NTI1MTc=', 'VXNlcjo2NTI1MjI=', 'VXNlcjo2ODY0Nzk=', 'VXNlcjo2OTQ3NzU=', 'VXNlcjo3MTgzNDc=', 'VXNlcjo3MTgzNTQ=']",[]
R3JvdXA6MTcyOTE2,Cloud Infrastructure Team,False,SYNCED,"['VXNlcjozOTg1Nzg=', 'VXNlcjo0MzY1MDc=', 'VXNlcjo1NjUwODk=', 'VXNlcjoxMDI4ODU0', 'VXNlcjoxMTUyODEw', 'VXNlcjoxMTU0NDEx']","['UmVzb3VyY2U6MjQxMzYxNQ==', 'UmVzb3VyY2U6MjQ3MTQxOQ==', 'UmVzb3VyY2U6MjUyMTA5MQ==', 'UmVzb3VyY2U6MjcyMzk1NA==', 'UmVzb3VyY2U6Mjc1NzU0Mw==', 'UmVzb3VyY2U6Mjc4MTQ2Mg==', 'UmVzb3VyY2U6MzM5MDEwMg==', 'UmVzb3VyY2U6MzQyNzgwMA==', 'UmVzb3VyY2U6MzQ0NDgyMA==', 'UmVzb3VyY2U6MzQ5MTczMg==', 'UmVzb3VyY2U6MzUxODc4Mw==', 'UmVzb3VyY2U6MzU1NzE0MQ==', 'UmVzb3VyY2U6MzU3NDgzNA==', 'UmVzb3VyY2U6MzU3NDgzNQ==', 'UmVzb3VyY2U6MzU3NjY3MA==', 'UmVzb3VyY2U6MzYwNzU2MA==']"
R3JvdXA6MTc0NTEw,Serving Infrastructure Team,False,SYNCED,"['VXNlcjozODQ5ODI=', 'VXNlcjozOTg1NzY=', 'VXNlcjo0MDgyODE=', 'VXNlcjo0MDgyODM=', 'VXNlcjo0MzY1MTA=', 'VXNlcjo1MjAyODc=', 'VXNlcjo1NzI0MTI=', 'VXNlcjo2MDAwMjU=', 'VXNlcjoxMTM1MDI1']","['UmVzb3VyY2U6MjQxMzYxNQ==', 'UmVzb3VyY2U6MjQ3MTQxOQ==']"
R3JvdXA6MTg1MjM2,Developer Infrastructure Team,False,SYNCED,"['VXNlcjo0MzY1MDg=', 'VXNlcjo0MzY1MDk=', 'VXNlcjo0NzI2MTg=', 'VXNlcjo2MDk2NzI=', 'VXNlcjo3MDQ3Nzg=', 'VXNlcjo4Nzk5OTg=', 'VXNlcjo5NDc0MTg=', 'VXNlcjo5OTAyMTg=', 'VXNlcjoxMDAwNDk2', 'VXNlcjoxMDA3NDkz', 'VXNlcjoxMDE0Mjg1', 'VXNlcjoxMTM2OTA0', 'VXNlcjoxMTcxNzgx']","['UmVzb3VyY2U6MjQxMzYxNQ==', 'UmVzb3VyY2U6MjQ3MTQxOQ==']"
R3JvdXA6MTk0NjIy,Data Engineering Team,False,SYNCED,"['VXNlcjo0NTk0MTg=', 'VXNlcjo0NTk0MTk=', 'VXNlcjo0NTk0MjA=', 'VXNlcjo0NTk0MjM=', 'VXNlcjo0NTk0MjQ=', 'VXNlcjo0NTk0Mjc=', 'VXNlcjo2MDk2ODU=', 'VXNlcjo2NzU5Mjk=', 'VXNlcjo2ODYzMjg=', 'VXNlcjo2ODY0MTE=', 'VXNlcjo2ODY0MTI=', 'VXNlcjo5MDc1NDk=', 'VXNlcjo5MTkwODM=', 'VXNlcjoxMDMwMDY3', 'VXNlcjoxMTM2OTU4', 'VXNlcjoxMTUyNzk1', 'VXNlcjoxMTgzNjkx', 'VXNlcjoxMjI2MjIw']","['UmVzb3VyY2U6MjQxMzYxNQ==', 'UmVzb3VyY2U6MjQ3MTQxOQ==', 'UmVzb3VyY2U6MjQ4NDU2OA==', 'UmVzb3VyY2U6MjQ4NDU3NA==']"
R3JvdXA6MjA0NDM5,Admin Mode - Engineering,True,SYNCED,"['VXNlcjozODQ5ODI=', 'VXNlcjozODUwMDI=', 'VXNlcjozOTg1NzY=', 'VXNlcjozOTg1Nzg=', 'VXNlcjozOTg1Nzk=', 'VXNlcjozOTg1ODQ=', 'VXNlcjo0MDM2NDc=', 'VXNlcjo0MDgyODE=', 'VXNlcjo0MDgyODI=', 'VXNlcjo0MDgyODM=', 'VXNlcjo0MDg0MDY=', 'VXNlcjo0MzY1MDY=', 'VXNlcjo0MzY1MDc=', 'VXNlcjo0MzY1MDg=', 'VXNlcjo0MzY1MDk=', 'VXNlcjo0MzY1MTA=', 'VXNlcjo0NTk0MTg=', 'VXNlcjo0NTk0MTk=', 'VXNlcjo0NTk0MjA=', 'VXNlcjo0NTk0MjM=', 'VXNlcjo0NTk0MjQ=', 'VXNlcjo0NTk0MjU=', 'VXNlcjo0NTk0Mjc=', 'VXNlcjo0NTk5ODc=', 'VXNlcjo0NjY4Nzg=', 'VXNlcjo0NjY4ODI=', 'VXNlcjo0NzE2MjI=', 'VXNlcjo0NzI2MTg=', 'VXNlcjo0NzMxNzM=', 'VXNlcjo0NzMxNzU=', 'VXNlcjo0NzMxNzY=', 'VXNlcjo0NzMxNzk=', 'VXNlcjo0NzMxODg=', 'VXNlcjo0NzMxOTM=', 'VXNlcjo0NzMxOTQ=', 'VXNlcjo0NzMxOTU=', 'VXNlcjo0NzMxOTg=', 'VXNlcjo0NzMxOTk=', 'VXNlcjo0NzMyMDE=', 'VXNlcjo0NzMyMDI=', 'VXNlcjo0NzMyMDM=', 'VXNlcjo0NzMyMDU=', 'VXNlcjo0NzMyODI=', 'VXNlcjo0NzMyODM=', 'VXNlcjo0NzMyODU=', 'VXNlcjo0NzMyODY=', 'VXNlcjo0NzMyODg=', 'VXNlcjo0NzMyODk=', 'VXNlcjo0NzMyOTA=', 'VXNlcjo0NzMyOTE=']","['UmVzb3VyY2U6MjQxMzYxNQ==', 'UmVzb3VyY2U6MjQ3MTQxOQ==', 'UmVzb3VyY2U6MzQ4NDA0NQ==', 'UmVzb3VyY2U6MzQ4NDA1NQ==']"
R3JvdXA6MjA0OTI3,Data,True,SYNCED,"['VXNlcjozODQ5ODI=', 'VXNlcjozODUwMDI=', 'VXNlcjozOTg1NzY=', 'VXNlcjozOTg1Nzg=', 'VXNlcjozOTg1Nzk=', 'VXNlcjozOTg1ODQ=', 'VXNlcjo0MDM2NDc=', 'VXNlcjo0MDgyODE=', 'VXNlcjo0MDgyODI=', 'VXNlcjo0MDgyODM=', 'VXNlcjo0MDg0MDY=', 'VXNlcjo0MzY1MDY=', 'VXNlcjo0MzY1MDc=', 'VXNlcjo0MzY1MDg=', 'VXNlcjo0MzY1MDk=', 'VXNlcjo0MzY1MTA=', 'VXNlcjo0NTk0MTg=', 'VXNlcjo0NTk0MTk=', 'VXNlcjo0NTk0MjA=', 'VXNlcjo0NTk0MjM=', 'VXNlcjo0NTk0MjQ=', 'VXNlcjo0NTk0MjU=', 'VXNlcjo0NTk0Mjc=', 'VXNlcjo0NTk5ODc=', 'VXNlcjo0NjY4Nzg=', 'VXNlcjo0NjY4ODI=', 'VXNlcjo0NzE2MjI=', 'VXNlcjo0NzI2MTg=', 'VXNlcjo0NzMxNzM=', 'VXNlcjo0NzMxNzU=', 'VXNlcjo0NzMxNzY=', 'VXNlcjo0NzMxNzk=', 'VXNlcjo0NzMxODg=', 'VXNlcjo0NzMxOTM=', 'VXNlcjo0NzMxOTQ=', 'VXNlcjo0NzMxOTU=', 'VXNlcjo0NzMxOTg=', 'VXNlcjo0NzMxOTk=', 'VXNlcjo0NzMyMDE=', 'VXNlcjo0NzMyMDI=', 'VXNlcjo0NzMyMDM=', 'VXNlcjo0NzMyMDU=', 'VXNlcjo0NzMyODI=', 'VXNlcjo0NzMyODM=', 'VXNlcjo0NzMyODU=', 'VXNlcjo0NzMyODY=', 'VXNlcjo0NzMyODg=', 'VXNlcjo0NzMyODk=', 'VXNlcjo0NzMyOTA=', 'VXNlcjo0NzMyOTE=']","['UmVzb3VyY2U6MjM1ODg2Mg==', 'UmVzb3VyY2U6MjM1ODg2OA==', 'UmVzb3VyY2U6MjM2MzU0Mg==', 'UmVzb3VyY2U6MjM2MzU0Mw==', 'UmVzb3VyY2U6MjM2MzU0Ng==', 'UmVzb3VyY2U6MjQxMzYxNQ==', 'UmVzb3VyY2U6MjQ0ODYwNg==', 'UmVzb3VyY2U6MjQ3MTQxOQ==', 'UmVzb3VyY2U6MjQ4NDU2OA==', 'UmVzb3VyY2U6MjQ4NDU3NA==', 'UmVzb3VyY2U6Mjc4MTQ2Mg==', 'UmVzb3VyY2U6MzI1MDI4MA==', 'UmVzb3VyY2U6MzMyMDkxOQ==', 'UmVzb3VyY2U6MzQ4NDAxMg==', 'UmVzb3VyY2U6MzQ4NDAxNA==', 'UmVzb3VyY2U6MzQ4NDAyMg==', 'UmVzb3VyY2U6MzQ4NDAzMQ==', 'UmVzb3VyY2U6MzQ4NDAzNQ==', 'UmVzb3VyY2U6MzQ4NDAzNg==', 'UmVzb3VyY2U6MzQ4NDA0MQ==', 'UmVzb3VyY2U6MzQ4NDA0NQ==', 'UmVzb3VyY2U6MzQ4NDA0OA==', 'UmVzb3VyY2U6MzQ4NDA1MA==', 'UmVzb3VyY2U6MzQ4NDA1Mw==', 'UmVzb3VyY2U6MzQ4NDA1NA==', 'UmVzb3VyY2U6MzQ4NDA1NQ==']"
R3JvdXA6MjA0OTI5,Network Administration,True,SYNCED,"['VXNlcjozODQ5ODI=', 'VXNlcjozODUwMDI=', 'VXNlcjozOTg1NzY=', 'VXNlcjozOTg1Nzg=', 'VXNlcjozOTg1Nzk=', 'VXNlcjozOTg1ODQ=', 'VXNlcjo0MDM2NDc=', 'VXNlcjo0MDgyODE=', 'VXNlcjo0MDgyODI=', 'VXNlcjo0MDgyODM=', 'VXNlcjo0MDg0MDY=', 'VXNlcjo0MzY1MDY=', 'VXNlcjo0MzY1MDc=', 'VXNlcjo0MzY1MDg=', 'VXNlcjo0MzY1MDk=', 'VXNlcjo0MzY1MTA=', 'VXNlcjo0NTk0MTg=', 'VXNlcjo0NTk0MTk=', 'VXNlcjo0NTk0MjA=', 'VXNlcjo0NTk0MjM=', 'VXNlcjo0NTk0MjQ=', 'VXNlcjo0NTk0MjU=', 'VXNlcjo0NTk0Mjc=', 'VXNlcjo0NTk5ODc=', 'VXNlcjo0NjY4Nzg=', 'VXNlcjo0NjY4ODI=', 'VXNlcjo0NzE2MjI=', 'VXNlcjo0NzI2MTg=', 'VXNlcjo0NzMxNzM=', 'VXNlcjo0NzMxNzU=', 'VXNlcjo0NzMxNzY=', 'VXNlcjo0NzMxNzk=', 'VXNlcjo0NzMxODg=', 'VXNlcjo0NzMxOTM=', 'VXNlcjo0NzMxOTQ=', 'VXNlcjo0NzMxOTU=', 'VXNlcjo0NzMxOTg=', 'VXNlcjo0NzMxOTk=', 'VXNlcjo0NzMyMDE=', 'VXNlcjo0NzMyMDI=', 'VXNlcjo0NzMyMDM=', 'VXNlcjo0NzMyMDU=', 'VXNlcjo0NzMyODI=', 'VXNlcjo0NzMyODM=', 'VXNlcjo0NzMyODU=', 'VXNlcjo0NzMyODY=', 'VXNlcjo0NzMyODg=', 'VXNlcjo0NzMyODk=', 'VXNlcjo0NzMyOTA=', 'VXNlcjo0NzMyOTE=']","['UmVzb3VyY2U6MjM0ODc3NA==', 'UmVzb3VyY2U6MjM1OTgxMw==', 'UmVzb3VyY2U6MjM2MzU0NA==', 'UmVzb3VyY2U6MjM2MzU0NQ==', 'UmVzb3VyY2U6MjM2MzU0Nw==', 'UmVzb3VyY2U6MjQ0ODYwNg==', 'UmVzb3VyY2U6MjQ2NDM3OQ==', 'UmVzb3VyY2U6MzQ4NDAxNA==', 'UmVzb3VyY2U6MzQ4NDAxNQ==', 'UmVzb3VyY2U6MzQ4NDAxNw==', 'UmVzb3VyY2U6MzQ4NDA0Mw==', 'UmVzb3VyY2U6MzQ4NDA0NA==', 'UmVzb3VyY2U6MzQ4NDA1Mg==', 'UmVzb3VyY2U6MzQ4NDA1Ng==']"
R3JvdXA6MjA0OTMw,Product Administration,True,SYNCED,"['VXNlcjozODQ5ODI=', 'VXNlcjozODUwMDI=', 'VXNlcjozOTg1NzY=', 'VXNlcjozOTg1Nzg=', 'VXNlcjozOTg1Nzk=', 'VXNlcjozOTg1ODQ=', 'VXNlcjo0MDM2NDc=', 'VXNlcjo0MDgyODE=', 'VXNlcjo0MDgyODI=', 'VXNlcjo0MDgyODM=', 'VXNlcjo0MDg0MDY=', 'VXNlcjo0MzY1MDY=', 'VXNlcjo0MzY1MDc=', 'VXNlcjo0MzY1MDg=', 'VXNlcjo0MzY1MDk=', 'VXNlcjo0MzY1MTA=', 'VXNlcjo0NTk0MTg=', 'VXNlcjo0NTk0MTk=', 'VXNlcjo0NTk0MjA=', 'VXNlcjo0NTk0MjM=', 'VXNlcjo0NTk0MjQ=', 'VXNlcjo0NTk0MjU=', 'VXNlcjo0NTk0Mjc=', 'VXNlcjo0NTk5ODc=', 'VXNlcjo0NjY4Nzg=', 'VXNlcjo0NjY4ODI=', 'VXNlcjo0NzE2MjI=', 'VXNlcjo0NzI2MTg=', 'VXNlcjo0NzMxNzM=', 'VXNlcjo0NzMxNzU=', 'VXNlcjo0NzMxNzY=', 'VXNlcjo0NzMxNzk=', 'VXNlcjo0NzMxODg=', 'VXNlcjo0NzMxOTM=', 'VXNlcjo0NzMxOTQ=', 'VXNlcjo0NzMxOTU=', 'VXNlcjo0NzMxOTg=', 'VXNlcjo0NzMxOTk=', 'VXNlcjo0NzMyMDE=', 'VXNlcjo0NzMyMDI=', 'VXNlcjo0NzMyMDM=', 'VXNlcjo0NzMyMDU=', 'VXNlcjo0NzMyODI=', 'VXNlcjo0NzMyODM=', 'VXNlcjo0NzMyODU=', 'VXNlcjo0NzMyODY=', 'VXNlcjo0NzMyODg=', 'VXNlcjo0NzMyODk=', 'VXNlcjo0NzMyOTA=', 'VXNlcjo0NzMyOTE=']","['UmVzb3VyY2U6MjM0ODczNQ==', 'UmVzb3VyY2U6MzQ4NDAzNw==']"
R3JvdXA6MjA0OTMy,Full Tunnel,True,SYNCED,[],[]
R3JvdXA6MjIyODUx,Temp Notion.com,False,MANUAL,"['VXNlcjozODQ5ODI=', 'VXNlcjozODUwMDI=', 'VXNlcjo0NzMxOTM=', 'VXNlcjo1MjM3ODI=', 'VXNlcjo1MjYzNjY=', 'VXNlcjo1NTAzOTg=']","['UmVzb3VyY2U6MjQ1ODc5MQ==', 'UmVzb3VyY2U6MjQ1ODc5Mg==']"
R3JvdXA6MjM0NTA5,Infrastructure Security Team,False,SYNCED,"['VXNlcjozOTg1Nzk=', 'VXNlcjo0NjY4ODI=', 'VXNlcjo1MjAyNzc=', 'VXNlcjo1MzU2NzE=', 'VXNlcjo2MzA4NzM=', 'VXNlcjoxMTM2OTEz']","['UmVzb3VyY2U6MjQ4NDI2Nw==', 'UmVzb3VyY2U6MjQ4NDU2OA==', 'UmVzb3VyY2U6MjQ4NDU3NA==', 'UmVzb3VyY2U6MjU1MTk3NA==', 'UmVzb3VyY2U6MjU1NDQyNg==', 'UmVzb3VyY2U6MzMwNDcwOA==']"
R3JvdXA6MjM1MDQ2,"Governance, Risk, & Compliance Team",False,SYNCED,"['VXNlcjo1MzU2NjY=', 'VXNlcjo1MzU2Njk=', 'VXNlcjo1MzU2NzA=', 'VXNlcjo1MzU2Nzk=', 'VXNlcjo2NTE5MzA=', 'VXNlcjo4Mzk1MzA=', 'VXNlcjoxMTUyODA1']","['UmVzb3VyY2U6MjQ4NDU2OA==', 'UmVzb3VyY2U6MjQ4NDU3NA==']"
R3JvdXA6MjQ3MjM5,TEMP TESTING,True,MANUAL,"['VXNlcjo1MjAyNzQ=', 'VXNlcjo1MjAyNzc=', 'VXNlcjo1OTAzMTE=', 'VXNlcjo2MTIzMDI=']","['UmVzb3VyY2U6MzI3ODgwNg==', 'UmVzb3VyY2U6MzQ4NDAxMA==']"
R3JvdXA6Mjc4NjE4,Sales,False,SYNCED,"['VXNlcjo1MjAyNDM=', 'VXNlcjo1Mzg3Mzg=', 'VXNlcjo1NDA5NTA=', 'VXNlcjo1NDkxMTY=', 'VXNlcjo1NTE0NjY=', 'VXNlcjo1NTMzMTU=', 'VXNlcjo1NTM4NjQ=', 'VXNlcjo1NTQwMzE=', 'VXNlcjo1NTQyNjA=', 'VXNlcjo1NTk0Nzk=', 'VXNlcjo1NjUyODk=', 'VXNlcjo1NjcxMjA=', 'VXNlcjo1Njg0MDU=', 'VXNlcjo1Njg0Mzc=', 'VXNlcjo1Njg4NTE=', 'VXNlcjo1Njg5OTM=', 'VXNlcjo1Njg5OTQ=', 'VXNlcjo1NjkwMjQ=', 'VXNlcjo1Njk0MTU=', 'VXNlcjo1Njk0MTc=', 'VXNlcjo1Njk0NjM=', 'VXNlcjo1NzAzNzI=', 'VXNlcjo1NzIyMDU=', 'VXNlcjo1NzIyMDc=', 'VXNlcjo1NzIyNzE=', 'VXNlcjo1NzM0NDA=', 'VXNlcjo1NzQ0MDQ=', 'VXNlcjo1NzQ0MTI=', 'VXNlcjo1NzUzNDk=', 'VXNlcjo1NzkxMDQ=', 'VXNlcjo1NzkxNjY=', 'VXNlcjo1Nzk3MzI=', 'VXNlcjo1ODcyMTA=', 'VXNlcjo1ODcyMTE=', 'VXNlcjo1ODkwODU=', 'VXNlcjo1ODk4MTk=', 'VXNlcjo1OTUzNTg=', 'VXNlcjo1OTcwOTQ=', 'VXNlcjo1OTcxODk=', 'VXNlcjo1OTc2NTk=', 'VXNlcjo1OTc4MzI=', 'VXNlcjo1OTc4MzM=', 'VXNlcjo1OTc4MzU=', 'VXNlcjo2MDEwMjc=', 'VXNlcjo2MDEzNzQ=', 'VXNlcjo2MDE2MjY=', 'VXNlcjo2MDM3MTQ=', 'VXNlcjo2MTM4MzQ=', 'VXNlcjo2MTYwNzg=', 'VXNlcjo2MTY3MDc=']",['UmVzb3VyY2U6MjkzNDc4Mg==']
R3JvdXA6MjgxMjQw,Elasticsearch,True,SYNCED,"['VXNlcjozODUwMDI=', 'VXNlcjo0NzMxNzY=', 'VXNlcjo0NzMyODY=', 'VXNlcjo1MTgyNzk=', 'VXNlcjo1MjAzNDA=', 'VXNlcjo1NzI0ODI=', 'VXNlcjo1OTkzNTg=', 'VXNlcjo3ODA0NDU=', 'VXNlcjo4Njk3OTM=', 'VXNlcjo5NjAwNTg=', 'VXNlcjoxMTUyODAz', 'VXNlcjoxMTkzMjE3', 'VXNlcjoxMzkyMDUw']","['UmVzb3VyY2U6MjM2MzU0Ng==', 'UmVzb3VyY2U6MjUyMzkxNw==', 'UmVzb3VyY2U6MjUyNDA0OQ==', 'UmVzb3VyY2U6MjcyMzk1NA==', 'UmVzb3VyY2U6Mjc1NzU0Mw==', 'UmVzb3VyY2U6MzQ0NDgyMA==', 'UmVzb3VyY2U6MzQ3OTY3Ng==', 'UmVzb3VyY2U6MzQ4NDAzMA==', 'UmVzb3VyY2U6MzQ4NDA0Nw==', 'UmVzb3VyY2U6MzQ4NDA0OA==', 'UmVzb3VyY2U6MzQ4NDA1MQ==', 'UmVzb3VyY2U6MzQ5MTczMg==']"
R3JvdXA6Mjk2NTk3,EPD,True,SYNCED,"['VXNlcjozODQ5ODI=', 'VXNlcjozODUwMDI=', 'VXNlcjozOTg1NzY=', 'VXNlcjozOTg1Nzg=', 'VXNlcjozOTg1Nzk=', 'VXNlcjozOTg1ODQ=', 'VXNlcjo0MDM2NDc=', 'VXNlcjo0MDgyODE=', 'VXNlcjo0MDgyODI=', 'VXNlcjo0MDgyODM=', 'VXNlcjo0MDg0MDY=', 'VXNlcjo0MzY1MDY=', 'VXNlcjo0MzY1MDc=', 'VXNlcjo0MzY1MDg=', 'VXNlcjo0MzY1MDk=', 'VXNlcjo0MzY1MTA=', 'VXNlcjo0NTk0MTg=', 'VXNlcjo0NTk0MTk=', 'VXNlcjo0NTk0MjA=', 'VXNlcjo0NTk0MjM=', 'VXNlcjo0NTk0MjQ=', 'VXNlcjo0NTk0MjU=', 'VXNlcjo0NTk0Mjc=', 'VXNlcjo0NTk5ODc=', 'VXNlcjo0NjY4Nzg=', 'VXNlcjo0NjY4ODI=', 'VXNlcjo0NzE2MjI=', 'VXNlcjo0NzI2MTg=', 'VXNlcjo0NzMxNzM=', 'VXNlcjo0NzMxNzU=', 'VXNlcjo0NzMxNzY=', 'VXNlcjo0NzMxNzk=', 'VXNlcjo0NzMxODg=', 'VXNlcjo0NzMxOTM=', 'VXNlcjo0NzMxOTQ=', 'VXNlcjo0NzMxOTU=', 'VXNlcjo0NzMxOTg=', 'VXNlcjo0NzMxOTk=', 'VXNlcjo0NzMyMDE=', 'VXNlcjo0NzMyMDI=', 'VXNlcjo0NzMyMDM=', 'VXNlcjo0NzMyMDU=', 'VXNlcjo0NzMyODI=', 'VXNlcjo0NzMyODM=', 'VXNlcjo0NzMyODU=', 'VXNlcjo0NzMyODY=', 'VXNlcjo0NzMyODg=', 'VXNlcjo0NzMyODk=', 'VXNlcjo0NzMyOTA=', 'VXNlcjo0NzMyOTE=']","['UmVzb3VyY2U6MjM0ODc3NA==', 'UmVzb3VyY2U6MjM1ODg2Mg==', 'UmVzb3VyY2U6MjM1ODg2OA==', 'UmVzb3VyY2U6MjM1OTgxMw==', 'UmVzb3VyY2U6MjM2MzU0Mg==', 'UmVzb3VyY2U6MjM2MzU0Mw==', 'UmVzb3VyY2U6MjM2MzU0NA==', 'UmVzb3VyY2U6MjM2MzU0NQ==', 'UmVzb3VyY2U6MjM2MzU0Ng==', 'UmVzb3VyY2U6MjM2MzU0Nw==', 'UmVzb3VyY2U6MjQ1ODc5MQ==', 'UmVzb3VyY2U6MjQ1ODc5Mg==', 'UmVzb3VyY2U6MjQ2NDM3OQ==', 'UmVzb3VyY2U6MjUxNjA5OQ==', 'UmVzb3VyY2U6MjUyMTA5MQ==', 'UmVzb3VyY2U6MjUyMTQ3OQ==', 'UmVzb3VyY2U6MjUyMjA2OQ==', 'UmVzb3VyY2U6MjUyMjE0OQ==', 'UmVzb3VyY2U6MjUyMjE1MA==', 'UmVzb3VyY2U6MjUyNDA0OQ==', 'UmVzb3VyY2U6MjUyNzkyMA==', 'UmVzb3VyY2U6MjUzMzk3OA==', 'UmVzb3VyY2U6MjUzMzk3OQ==', 'UmVzb3VyY2U6MjUzMzk4Mw==', 'UmVzb3VyY2U6MjUzMzk4NA==', 'UmVzb3VyY2U6MjUzMzk4NQ==', 'UmVzb3VyY2U6MjUzMzk4Nw==', 'UmVzb3VyY2U6MjUzMzk4OA==', 'UmVzb3VyY2U6MjUzMzk4OQ==', 'UmVzb3VyY2U6MjUzMzk5MA==', 'UmVzb3VyY2U6MjUzMzk5MQ==', 'UmVzb3VyY2U6MjUzNTU1NA==', 'UmVzb3VyY2U6MjUzNTU1OQ==', 'UmVzb3VyY2U6MjU0Njg4OQ==', 'UmVzb3VyY2U6MjYyNzcxMA==', 'UmVzb3VyY2U6MjYyNzcxMQ==', 'UmVzb3VyY2U6Mjc2MjU4MQ==', 'UmVzb3VyY2U6Mjc3MjAyNg==', 'UmVzb3VyY2U6Mjg2MjE0Mw==', 'UmVzb3VyY2U6MjkzNDc4Mg==', 'UmVzb3VyY2U6Mjk3NTQ1Ng==', 'UmVzb3VyY2U6MzAzMzgwNA==', 'UmVzb3VyY2U6MzA3MzQ3Mg==', 'UmVzb3VyY2U6MzI1MDI4MA==', 'UmVzb3VyY2U6MzMwMjkzMw==', 'UmVzb3VyY2U6MzMwNDI5Mg==', 'UmVzb3VyY2U6MzMyMDkxOQ==', 'UmVzb3VyY2U6MzMyOTM0Nw==', 'UmVzb3VyY2U6MzMzMDAwNA==', 'UmVzb3VyY2U6MzM0NDA1OQ==']"
R3JvdXA6Mjk3NzU1,Marketing,False,SYNCED,"['VXNlcjo1NTAzOTg=', 'VXNlcjo1OTc4MzY=', 'VXNlcjo1OTkyNzg=', 'VXNlcjo2NTEwOTA=', 'VXNlcjo2NjA5MDk=', 'VXNlcjo2NjQ0MzI=', 'VXNlcjo2NzMxMzE=', 'VXNlcjo2NzU1MTk=', 'VXNlcjo3MDM4MTk=', 'VXNlcjo3NjQwMDE=', 'VXNlcjo4MzQ0NDE=', 'VXNlcjo4MzcxNzI=', 'VXNlcjo4NDM0ODc=', 'VXNlcjo4NDYyOTg=', 'VXNlcjo4NDg2OTQ=', 'VXNlcjo4NTc1Nzk=', 'VXNlcjo5MjUwMjg=', 'VXNlcjo5MjUwMzA=', 'VXNlcjo5MjUwMzE=', 'VXNlcjo5Mzk2ODc=', 'VXNlcjo5Njg1NTg=', 'VXNlcjo5ODc1NTQ=', 'VXNlcjo5OTc3OTU=', 'VXNlcjoxMDEyMTQw', 'VXNlcjoxMDI5NDI5', 'VXNlcjoxMDI5NDMz', 'VXNlcjoxMDI5NDM0', 'VXNlcjoxMDI5NDM1', 'VXNlcjoxMDM4NTU5', 'VXNlcjoxMDM4NTYw', 'VXNlcjoxMDM4NTYy', 'VXNlcjoxMDM4NzU4', 'VXNlcjoxMTI1MjM4', 'VXNlcjoxMTI2NzA1', 'VXNlcjoxMTMyNzk2', 'VXNlcjoxMTM1MDI3', 'VXNlcjoxMTQwMjE0', 'VXNlcjoxMTQ3MTIx', 'VXNlcjoxMTUyNjQ5', 'VXNlcjoxMTU0MjUx', 'VXNlcjoxMTU0MjUy', 'VXNlcjoxMTU0MjY0', 'VXNlcjoxMTU0MjY5', 'VXNlcjoxMTU0Mjc3', 'VXNlcjoxMTU0Mjg5', 'VXNlcjoxMTU0Mjkw', 'VXNlcjoxMTU0Mjk0', 'VXNlcjoxMTU0Mjk1', 'VXNlcjoxMTU0MzAy', 'VXNlcjoxMTU0MzI3']","['UmVzb3VyY2U6MjQ1ODc5MQ==', 'UmVzb3VyY2U6MjQ1ODc5Mg==']"
R3JvdXA6MzE1Njc5,Twingate - Access - Anyscale,True,SYNCED,"['VXNlcjozODQ5ODI=', 'VXNlcjozODUwMDI=', 'VXNlcjozOTg1NzY=', 'VXNlcjozOTg1Nzg=', 'VXNlcjozOTg1Nzk=', 'VXNlcjozOTg1ODQ=', 'VXNlcjo0MDM2NDc=', 'VXNlcjo0MDgyODE=', 'VXNlcjo0MDgyODI=', 'VXNlcjo0MDgyODM=', 'VXNlcjo0MDg0MDY=', 'VXNlcjo0MzY1MDY=', 'VXNlcjo0MzY1MDc=', 'VXNlcjo0MzY1MDg=', 'VXNlcjo0MzY1MDk=', 'VXNlcjo0MzY1MTA=', 'VXNlcjo0NTk0MTg=', 'VXNlcjo0NTk0MTk=', 'VXNlcjo0NTk0MjA=', 'VXNlcjo0NTk0MjM=', 'VXNlcjo0NTk0MjQ=', 'VXNlcjo0NTk0MjU=', 'VXNlcjo0NTk0Mjc=', 'VXNlcjo0NTk5ODc=', 'VXNlcjo0NjY4Nzg=', 'VXNlcjo0NjY4ODI=', 'VXNlcjo0NzE2MjI=', 'VXNlcjo0NzI2MTg=', 'VXNlcjo0NzMxNzM=', 'VXNlcjo0NzMxNzU=', 'VXNlcjo0NzMxNzY=', 'VXNlcjo0NzMxNzk=', 'VXNlcjo0NzMxODg=', 'VXNlcjo0NzMxOTM=', 'VXNlcjo0NzMxOTQ=', 'VXNlcjo0NzMxOTU=', 'VXNlcjo0NzMxOTg=', 'VXNlcjo0NzMxOTk=', 'VXNlcjo0NzMyMDE=', 'VXNlcjo0NzMyMDI=', 'VXNlcjo0NzMyMDM=', 'VXNlcjo0NzMyMDU=', 'VXNlcjo0NzMyODI=', 'VXNlcjo0NzMyODM=', 'VXNlcjo0NzMyODU=', 'VXNlcjo0NzMyODY=', 'VXNlcjo0NzMyODg=', 'VXNlcjo0NzMyODk=', 'VXNlcjo0NzMyOTA=', 'VXNlcjo0NzMyOTE=']","['UmVzb3VyY2U6MjcyMzk1NA==', 'UmVzb3VyY2U6Mjc1NzU0Mw==', 'UmVzb3VyY2U6MzQ0NDgyMA==', 'UmVzb3VyY2U6MzQ5MTczMg==']"
R3JvdXA6MzIzNjI4,Twingate - Access - Utility,True,SYNCED,"['VXNlcjo2OTQzNDU=', 'VXNlcjo4ODYyNjg=', 'VXNlcjo4OTAxNTI=', 'VXNlcjo5MjQ3MjM=', 'VXNlcjoxMDQ1MDk4', 'VXNlcjoxMTUzNjQ4', 'VXNlcjoxMjg0MzA5', 'VXNlcjoxMjg0MzU0', 'VXNlcjoxMjkwNDk0', 'VXNlcjoxMzA3Mzg0', 'VXNlcjoxMzI4Mjgy']","['UmVzb3VyY2U6MjM0ODc3NA==', 'UmVzb3VyY2U6MzQ4NDA1Ng==']"
R3JvdXA6MzI0MjU0,Twingate - Access - Production,True,SYNCED,"['VXNlcjo2OTQzNDU=', 'VXNlcjo4ODYyNjg=', 'VXNlcjo4OTAxNTI=', 'VXNlcjo5MjQ3MjM=', 'VXNlcjoxMDQ1MDk4', 'VXNlcjoxMTUzNjQ4', 'VXNlcjoxMjg0MzA5', 'VXNlcjoxMjg0MzU0', 'VXNlcjoxMzA3Mzg0', 'VXNlcjoxMzI4Mjgy']","['UmVzb3VyY2U6MjM2MzU0NQ==', 'UmVzb3VyY2U6MjUzMzk4Nw==', 'UmVzb3VyY2U6MjUzMzk5MA==', 'UmVzb3VyY2U6MjUzMzk5MQ==', 'UmVzb3VyY2U6MjUzNTU1NA==', 'UmVzb3VyY2U6MzQ4NDA0NA==']"
R3JvdXA6MzUyNDA2,Twingate - Access - Dev,True,SYNCED,"['VXNlcjo2MzM3NjQ=', 'VXNlcjo3MjMxMDU=', 'VXNlcjo3Mzc4NjU=', 'VXNlcjoxMTU4ODA5', 'VXNlcjoxMzM0ODIx']","['UmVzb3VyY2U6MjUzMzk4NA==', 'UmVzb3VyY2U6MzQ0ODg3NQ==', 'UmVzb3VyY2U6MzQ5NDEwMQ==', 'UmVzb3VyY2U6MzQ5NDU2Nw==', 'UmVzb3VyY2U6MzQ5NDkwOQ==']"
R3JvdXA6Mzk4MjI1,MattJ-Test,False,MANUAL,['VXNlcjozODUwMDI='],"['UmVzb3VyY2U6MjQ4NDU2OA==', 'UmVzb3VyY2U6MjQ4NDU3NA==', 'UmVzb3VyY2U6MzQ4NDAxMg==', 'UmVzb3VyY2U6MzQ4NDAzNg==']"
R3JvdXA6NDA4MTI3,Info Security,False,SYNCED,"['VXNlcjozODUwMDI=', 'VXNlcjozOTg1Nzk=', 'VXNlcjozOTg1ODQ=', 'VXNlcjo0MDg0MDY=', 'VXNlcjo0NjY4ODI=', 'VXNlcjo0NzE2MjI=', 'VXNlcjo0ODI0OTI=', 'VXNlcjo1MDkzOTE=', 'VXNlcjo1MjAyNzc=', 'VXNlcjo1MjkyNDk=', 'VXNlcjo1MzQwNDQ=', 'VXNlcjo1MzU2NDA=', 'VXNlcjo1MzU2NjU=', 'VXNlcjo1MzU2NjY=', 'VXNlcjo1MzU2Njc=', 'VXNlcjo1MzU2Njg=', 'VXNlcjo1MzU2Njk=', 'VXNlcjo1MzU2NzA=', 'VXNlcjo1MzU2NzE=', 'VXNlcjo1MzU2NzM=', 'VXNlcjo1MzU2Nzc=', 'VXNlcjo1MzU2Nzg=', 'VXNlcjo1MzU2Nzk=', 'VXNlcjo1NDM1MTA=', 'VXNlcjo2MDA2MzQ=', 'VXNlcjo2MzA4NzM=', 'VXNlcjo2NDE3OTc=', 'VXNlcjo2NDI4OTQ=', 'VXNlcjo2NTE5MzA=', 'VXNlcjo2NjQ0NzE=', 'VXNlcjo2NjY0OTM=', 'VXNlcjo2OTI5OTc=', 'VXNlcjo3MjMxNDE=', 'VXNlcjo3Nzk5OTM=', 'VXNlcjo4MjYxMzQ=', 'VXNlcjo4Mzk1MzA=', 'VXNlcjo4Mzk1NTc=', 'VXNlcjo4NjMwODQ=', 'VXNlcjo4OTkwODI=', 'VXNlcjo5MjQ3MzE=', 'VXNlcjo5MzM3NjA=', 'VXNlcjo5NjIxMzg=', 'VXNlcjo5OTEyNjY=', 'VXNlcjo5OTIxNTk=', 'VXNlcjoxMTM2OTEz', 'VXNlcjoxMTM2OTM3', 'VXNlcjoxMTUyODA1', 'VXNlcjoxMTY0MDcz', 'VXNlcjoxMjI2MjIz']",['UmVzb3VyY2U6MzMwNDcwOA==']
R3JvdXA6Nzc2MzY4,USERTYPE.EMPLOYEE,True,SYNCED,"['VXNlcjozODQ5ODI=', 'VXNlcjozODUwMDI=', 'VXNlcjozOTg1NzY=', 'VXNlcjozOTg1Nzg=', 'VXNlcjozOTg1Nzk=', 'VXNlcjozOTg1ODQ=', 'VXNlcjo0MDM2NDc=', 'VXNlcjo0MDgyODE=', 'VXNlcjo0MDgyODI=', 'VXNlcjo0MDgyODM=', 'VXNlcjo0MDg0MDY=', 'VXNlcjo0MzY1MDY=', 'VXNlcjo0MzY1MDc=', 'VXNlcjo0MzY1MDg=', 'VXNlcjo0MzY1MDk=', 'VXNlcjo0MzY1MTA=', 'VXNlcjo0NTk0MTg=', 'VXNlcjo0NTk0MTk=', 'VXNlcjo0NTk0MjA=', 'VXNlcjo0NTk0MjM=', 'VXNlcjo0NTk0MjQ=', 'VXNlcjo0NTk0MjU=', 'VXNlcjo0NTk0Mjc=', 'VXNlcjo0NTk5ODc=', 'VXNlcjo0NjY4Nzg=', 'VXNlcjo0NjY4ODI=', 'VXNlcjo0NzE2MjI=', 'VXNlcjo0NzI2MTg=', 'VXNlcjo0NzMxNzM=', 'VXNlcjo0NzMxNzU=', 'VXNlcjo0NzMxNzY=', 'VXNlcjo0NzMxNzk=', 'VXNlcjo0NzMxODg=', 'VXNlcjo0NzMxOTM=', 'VXNlcjo0NzMxOTQ=', 'VXNlcjo0NzMxOTU=', 'VXNlcjo0NzMxOTg=', 'VXNlcjo0NzMxOTk=', 'VXNlcjo0NzMyMDE=', 'VXNlcjo0NzMyMDI=', 'VXNlcjo0NzMyMDM=', 'VXNlcjo0NzMyMDU=', 'VXNlcjo0NzMyODI=', 'VXNlcjo0NzMyODM=', 'VXNlcjo0NzMyODU=', 'VXNlcjo0NzMyODY=', 'VXNlcjo0NzMyODg=', 'VXNlcjo0NzMyODk=', 'VXNlcjo0NzMyOTA=', 'VXNlcjo0NzMyOTE=']","['UmVzb3VyY2U6MjM0ODc3NA==', 'UmVzb3VyY2U6MjM1ODg2Mg==', 'UmVzb3VyY2U6MjM1ODg2OA==', 'UmVzb3VyY2U6MjM1OTgxMw==', 'UmVzb3VyY2U6MjM2MzU0Mg==', 'UmVzb3VyY2U6MjM2MzU0Mw==', 'UmVzb3VyY2U6MjM2MzU0NA==', 'UmVzb3VyY2U6MjM2MzU0NQ==', 'UmVzb3VyY2U6MjM2MzU0Ng==', 'UmVzb3VyY2U6MjM2MzU0Nw==', 'UmVzb3VyY2U6MjQ1ODc5MQ==', 'UmVzb3VyY2U6MjQ1ODc5Mg==', 'UmVzb3VyY2U6MjUyMTQ3OQ==', 'UmVzb3VyY2U6MjUyNDA0OQ==', 'UmVzb3VyY2U6MjkzNDc4Mg==', 'UmVzb3VyY2U6Mjk4MDIyNA==', 'UmVzb3VyY2U6MzI1MDI4MA==', 'UmVzb3VyY2U6MzMyMDkxOQ==', 'UmVzb3VyY2U6MzM5NTEzMA==', 'UmVzb3VyY2U6MzQwMzc4MQ==', 'UmVzb3VyY2U6MzQ3OTY3Ng==', 'UmVzb3VyY2U6MzQ4NDAxNQ==', 'UmVzb3VyY2U6MzQ4NDAyMA==', 'UmVzb3VyY2U6MzQ4NDAyMg==', 'UmVzb3VyY2U6MzQ4NDAzMQ==', 'UmVzb3VyY2U6MzQ4NDAzNA==', 'UmVzb3VyY2U6MzQ4NDAzNQ==', 'UmVzb3VyY2U6MzQ4NDAzOQ==', 'UmVzb3VyY2U6MzQ4NDA0MQ==', 'UmVzb3VyY2U6MzQ4NDA0Mg==', 'UmVzb3VyY2U6MzQ4NDA0Mw==', 'UmVzb3VyY2U6MzQ4NDA0NA==', 'UmVzb3VyY2U6MzQ4NDA0Ng==', 'UmVzb3VyY2U6MzQ4NDA0Nw==', 'UmVzb3VyY2U6MzQ4NDA0OA==', 'UmVzb3VyY2U6MzQ4NDA1MQ==', 'UmVzb3VyY2U6MzQ4NDA1Mg==', 'UmVzb3VyY2U6MzQ4NDA1Mw==', 'UmVzb3VyY2U6MzQ4NDA1NA==', 'UmVzb3VyY2U6MzQ4NDA1Ng==', 'UmVzb3VyY2U6MzU3OTc2NQ==', 'UmVzb3VyY2U6MzU4NTg3MA==']"
R3JvdXA6Nzc2OTUx,DEPARTMENT.PRODUCT.EMPLOYEE,True,SYNCED,"['VXNlcjo1MjAxMjQ=', 'VXNlcjo1MjAyNTE=', 'VXNlcjo1NDk1OTk=', 'VXNlcjo1NTQxMTU=', 'VXNlcjo1NTQ1MDI=', 'VXNlcjo1NTY3NzE=', 'VXNlcjo1NjQ5Mjk=', 'VXNlcjo1Njk0MTg=', 'VXNlcjo1NzI0MzA=', 'VXNlcjo1NzI0MzM=', 'VXNlcjo1NzI0Mzc=', 'VXNlcjo1NzI0Mzk=', 'VXNlcjo1NzI0NDU=', 'VXNlcjo1NzI0NDY=', 'VXNlcjo1NzI0NTA=', 'VXNlcjo1NzI0NTQ=', 'VXNlcjo1NzI0NTU=', 'VXNlcjo1NzI0NjA=', 'VXNlcjo1NzI0NzA=', 'VXNlcjo1ODE1MzA=', 'VXNlcjo2NTE5MDY=', 'VXNlcjo2NTMxMDI=', 'VXNlcjo2NzM0NTY=', 'VXNlcjo2ODYyNDA=', 'VXNlcjo2OTY3Mzc=', 'VXNlcjo2OTc0NDY=', 'VXNlcjo3MDE5NTM=', 'VXNlcjo4MzIzOTI=', 'VXNlcjo4NjkxMDc=', 'VXNlcjo4OTY0NjA=', 'VXNlcjo5MTg2MDM=', 'VXNlcjo5MTk1Mzg=', 'VXNlcjo5MzM3MDg=', 'VXNlcjo5NDczMzQ=', 'VXNlcjo5NTM3MTY=', 'VXNlcjo5OTg5Mzk=', 'VXNlcjoxMDAwNTI0', 'VXNlcjoxMDYyMDQz', 'VXNlcjoxMTM5MDUx', 'VXNlcjoxMTM5MDUy', 'VXNlcjoxMTM5MDUz', 'VXNlcjoxMTU0Mjkx', 'VXNlcjoxMjAwNTgz', 'VXNlcjoxMjQyNDQy', 'VXNlcjoxMjYyMzc3', 'VXNlcjoxMjg0MzU3', 'VXNlcjoxMjg0NDYy', 'VXNlcjoxMzE5NTIw', 'VXNlcjoxMzI5NTAx', 'VXNlcjoxMzM0ODIy']",[]
R3JvdXA6Nzc2OTUy,DEPARTMENT.LEGAL.EMPLOYEE,True,SYNCED,"['VXNlcjo3MzA0NjQ=', 'VXNlcjo3Mzc1OTA=', 'VXNlcjoxMDM5MjQ3', 'VXNlcjoxMTU0MjU0', 'VXNlcjoxMTU0MjYz', 'VXNlcjoxMTU0Mjky', 'VXNlcjoxMTU0MzEw', 'VXNlcjoxMTU0MzQ3', 'VXNlcjoxMTU0MzU0', 'VXNlcjoxMTU0MzU4', 'VXNlcjoxMTU0Mzcz', 'VXNlcjoxMTU0Mzc0', 'VXNlcjoxMTU0Mzc4', 'VXNlcjoxMTU0Mzgw', 'VXNlcjoxMTU0Mzgx', 'VXNlcjoxMTU0Mzgz', 'VXNlcjoxMTU0Mzk4', 'VXNlcjoxMTU0NDAz', 'VXNlcjoxMjYyMTk1', 'VXNlcjoxMzE3OTI3', 'VXNlcjoxMzcyMTE0', 'VXNlcjoxMzkyMTE3']",[]
R3JvdXA6Nzc2OTUz,DEPARTMENT.FINANCE.EMPLOYEE,True,SYNCED,"['VXNlcjo1Njg0NjE=', 'VXNlcjo1Njg0Njk=', 'VXNlcjo1Njg0NzI=', 'VXNlcjo1Njg0ODM=', 'VXNlcjo1ODczNTc=', 'VXNlcjo2MTY4MjQ=', 'VXNlcjo2MzM3NjM=', 'VXNlcjo2MzM3NjQ=', 'VXNlcjo3NDAzOTM=', 'VXNlcjo4MjQxNTY=', 'VXNlcjo4MzQzMjM=', 'VXNlcjo5MTUwNjM=', 'VXNlcjo5MTc5NDY=', 'VXNlcjo5NDMwNjI=', 'VXNlcjo5NTAwNTA=', 'VXNlcjo5NTEwNDY=', 'VXNlcjo5NTE4NzE=', 'VXNlcjo5NTU3ODM=', 'VXNlcjo5NTU4ODU=', 'VXNlcjo5NTY3NDU=', 'VXNlcjo5NTgyNjg=', 'VXNlcjo5NjIxNjI=', 'VXNlcjoxMDM4Njgz', 'VXNlcjoxMDU4MjU0', 'VXNlcjoxMDU4NDA0', 'VXNlcjoxMTQxNDU1', 'VXNlcjoxMTU0MTY0', 'VXNlcjoxMTU0MTky', 'VXNlcjoxMTU0MjU1', 'VXNlcjoxMTU0MjU5', 'VXNlcjoxMTU0MjY2', 'VXNlcjoxMTU0MjY3', 'VXNlcjoxMTU0Mjgw', 'VXNlcjoxMTU0Mjg0', 'VXNlcjoxMTU0Mjg3', 'VXNlcjoxMTU0MzI5', 'VXNlcjoxMTU0MzMy', 'VXNlcjoxMTU0MzQw', 'VXNlcjoxMTU0MzQ1', 'VXNlcjoxMTU0MzUy', 'VXNlcjoxMTU0MzYy', 'VXNlcjoxMTU0MzY2', 'VXNlcjoxMTU0Mzcy', 'VXNlcjoxMTU0Mzc3', 'VXNlcjoxMTU0Mzg0', 'VXNlcjoxMTU0Mzkz', 'VXNlcjoxMTU0NDA5', 'VXNlcjoxMTU3NzMz', 'VXNlcjoxMTcxNzA3', 'VXNlcjoxMTkzMzc5']",[]
R3JvdXA6Nzc2OTU0,FUNCTION.FDN.EMPLOYEE,True,SYNCED,"['VXNlcjo1Njg0NjE=', 'VXNlcjo1Njg0Njk=', 'VXNlcjo1Njg0NzI=', 'VXNlcjo1Njg0ODM=', 'VXNlcjo1ODczNTc=', 'VXNlcjo2MTY4MjQ=', 'VXNlcjo2MzM3NjM=', 'VXNlcjo2MzM3NjQ=', 'VXNlcjo3MzA0NjQ=', 'VXNlcjo3Mzc1OTA=', 'VXNlcjo3NDAzOTM=', 'VXNlcjo4MjQxNTY=', 'VXNlcjo4MzQzMjM=', 'VXNlcjo5MTUwNjM=', 'VXNlcjo5MTc5NDY=', 'VXNlcjo5NDMwNjI=', 'VXNlcjo5NTAwNTA=', 'VXNlcjo5NTEwNDY=', 'VXNlcjo5NTE4NzE=', 'VXNlcjo5NTM4NzI=', 'VXNlcjo5NTU3ODM=', 'VXNlcjo5NTU4ODU=', 'VXNlcjo5NTY3NDU=', 'VXNlcjo5NTgyNjg=', 'VXNlcjo5NjIxNjI=', 'VXNlcjoxMDA3Mzc3', 'VXNlcjoxMDM4Njgz', 'VXNlcjoxMDM5MjQ3', 'VXNlcjoxMDU4MjU0', 'VXNlcjoxMDU4NDA0', 'VXNlcjoxMTM5MDA2', 'VXNlcjoxMTM5OTUx', 'VXNlcjoxMTQxNDU1', 'VXNlcjoxMTU0MTY0', 'VXNlcjoxMTU0MTgy', 'VXNlcjoxMTU0MTky', 'VXNlcjoxMTU0MjQ0', 'VXNlcjoxMTU0MjQ4', 'VXNlcjoxMTU0MjQ5', 'VXNlcjoxMTU0MjU0', 'VXNlcjoxMTU0MjU1', 'VXNlcjoxMTU0MjU2', 'VXNlcjoxMTU0MjU3', 'VXNlcjoxMTU0MjU5', 'VXNlcjoxMTU0MjYw', 'VXNlcjoxMTU0MjYx', 'VXNlcjoxMTU0MjYz', 'VXNlcjoxMTU0MjY1', 'VXNlcjoxMTU0MjY2', 'VXNlcjoxMTU0MjY3']",[]
R3JvdXA6Nzc2OTU1,FUNCTION.GTM.EMPLOYEE,True,SYNCED,"['VXNlcjo1MjAyMzk=', 'VXNlcjo1MjAyNDA=', 'VXNlcjo1MjAyNDI=', 'VXNlcjo1MjAyNDM=', 'VXNlcjo1MjAyNDQ=', 'VXNlcjo1MjAyNDU=', 'VXNlcjo1MjAyNTI=', 'VXNlcjo1MjAyNTM=', 'VXNlcjo1MjAyNTQ=', 'VXNlcjo1MjAyNTU=', 'VXNlcjo1MjAyNTY=', 'VXNlcjo1MjAyNTc=', 'VXNlcjo1MjAyNjE=', 'VXNlcjo1MjAyNjI=', 'VXNlcjo1MjAyNjQ=', 'VXNlcjo1MjAyNjU=', 'VXNlcjo1MjAyNjY=', 'VXNlcjo1MzQwOTI=', 'VXNlcjo1Mzg3Mzg=', 'VXNlcjo1NDA5NTA=', 'VXNlcjo1NDkxMTY=', 'VXNlcjo1NTAzOTg=', 'VXNlcjo1NTE0NjY=', 'VXNlcjo1NTI0NzY=', 'VXNlcjo1NTMzMTU=', 'VXNlcjo1NTM4NjQ=', 'VXNlcjo1NTQwMzE=', 'VXNlcjo1NTQyNjA=', 'VXNlcjo1NTU1MTk=', 'VXNlcjo1NTk0Nzk=', 'VXNlcjo1NjAxMDU=', 'VXNlcjo1NjAxMDg=', 'VXNlcjo1NjUyODk=', 'VXNlcjo1NjcxMjA=', 'VXNlcjo1Njg0MDU=', 'VXNlcjo1Njg0Mzc=', 'VXNlcjo1Njg4NTE=', 'VXNlcjo1Njg5OTM=', 'VXNlcjo1Njg5OTQ=', 'VXNlcjo1NjkwMjQ=', 'VXNlcjo1Njk0MTU=', 'VXNlcjo1Njk0MTc=', 'VXNlcjo1Njk0NjM=', 'VXNlcjo1Njk5OTM=', 'VXNlcjo1NzAzNzI=', 'VXNlcjo1NzIyMDU=', 'VXNlcjo1NzIyMDc=', 'VXNlcjo1NzIyNzE=', 'VXNlcjo1NzM0NDA=', 'VXNlcjo1NzQ0MDQ=']",[]
R3JvdXA6Nzc2OTU2,FUNCTION.EPD.EMPLOYEE,True,SYNCED,"['VXNlcjozODQ5ODI=', 'VXNlcjozODUwMDI=', 'VXNlcjozOTg1NzY=', 'VXNlcjozOTg1Nzg=', 'VXNlcjozOTg1Nzk=', 'VXNlcjozOTg1ODQ=', 'VXNlcjo0MDM2NDc=', 'VXNlcjo0MDgyODE=', 'VXNlcjo0MDgyODI=', 'VXNlcjo0MDgyODM=', 'VXNlcjo0MDg0MDY=', 'VXNlcjo0MzY1MDY=', 'VXNlcjo0MzY1MDc=', 'VXNlcjo0MzY1MDg=', 'VXNlcjo0MzY1MDk=', 'VXNlcjo0MzY1MTA=', 'VXNlcjo0NTk0MTg=', 'VXNlcjo0NTk0MTk=', 'VXNlcjo0NTk0MjA=', 'VXNlcjo0NTk0MjM=', 'VXNlcjo0NTk0MjQ=', 'VXNlcjo0NTk0MjU=', 'VXNlcjo0NTk0Mjc=', 'VXNlcjo0NTk5ODc=', 'VXNlcjo0NjY4Nzg=', 'VXNlcjo0NjY4ODI=', 'VXNlcjo0NzE2MjI=', 'VXNlcjo0NzI2MTg=', 'VXNlcjo0NzMxNzM=', 'VXNlcjo0NzMxNzU=', 'VXNlcjo0NzMxNzY=', 'VXNlcjo0NzMxNzk=', 'VXNlcjo0NzMxODg=', 'VXNlcjo0NzMxOTM=', 'VXNlcjo0NzMxOTQ=', 'VXNlcjo0NzMxOTU=', 'VXNlcjo0NzMxOTg=', 'VXNlcjo0NzMxOTk=', 'VXNlcjo0NzMyMDE=', 'VXNlcjo0NzMyMDI=', 'VXNlcjo0NzMyMDM=', 'VXNlcjo0NzMyMDU=', 'VXNlcjo0NzMyODI=', 'VXNlcjo0NzMyODM=', 'VXNlcjo0NzMyODU=', 'VXNlcjo0NzMyODY=', 'VXNlcjo0NzMyODg=', 'VXNlcjo0NzMyODk=', 'VXNlcjo0NzMyOTA=', 'VXNlcjo0NzMyOTE=']","['UmVzb3VyY2U6MjM0ODc3NA==', 'UmVzb3VyY2U6MjM1ODg2Mg==', 'UmVzb3VyY2U6MjM1ODg2OA==', 'UmVzb3VyY2U6MjM1OTgxMw==', 'UmVzb3VyY2U6MjM2MzU0Mg==', 'UmVzb3VyY2U6MjM2MzU0Mw==', 'UmVzb3VyY2U6MjM2MzU0NA==', 'UmVzb3VyY2U6MjM2MzU0NQ==', 'UmVzb3VyY2U6MjM2MzU0Ng==', 'UmVzb3VyY2U6MjM2MzU0Nw==', 'UmVzb3VyY2U6MjQ1ODc5MQ==', 'UmVzb3VyY2U6MjQ1ODc5Mg==', 'UmVzb3VyY2U6MjQ2NDM3OQ==', 'UmVzb3VyY2U6MjUxNjA5OQ==', 'UmVzb3VyY2U6MjUyMTA5MQ==', 'UmVzb3VyY2U6MjUyMTQ3OQ==', 'UmVzb3VyY2U6MjUyMjA2OQ==', 'UmVzb3VyY2U6MjUyMjE0OQ==', 'UmVzb3VyY2U6MjUyMjE1MA==', 'UmVzb3VyY2U6MjUyNDA0OQ==', 'UmVzb3VyY2U6MjUyNzkyMA==', 'UmVzb3VyY2U6MjUzMzk3OA==', 'UmVzb3VyY2U6MjUzMzk3OQ==', 'UmVzb3VyY2U6MjUzMzk4Mw==', 'UmVzb3VyY2U6MjUzMzk4NA==', 'UmVzb3VyY2U6MjUzMzk4NQ==', 'UmVzb3VyY2U6MjUzMzk4Nw==', 'UmVzb3VyY2U6MjUzMzk4OA==', 'UmVzb3VyY2U6MjUzMzk4OQ==', 'UmVzb3VyY2U6MjUzMzk5MA==', 'UmVzb3VyY2U6MjUzMzk5MQ==', 'UmVzb3VyY2U6MjUzNTU1NA==', 'UmVzb3VyY2U6MjUzNTU1OQ==', 'UmVzb3VyY2U6MjU0Njg4OQ==', 'UmVzb3VyY2U6MjYyNzcxMA==', 'UmVzb3VyY2U6MjYyNzcxMQ==', 'UmVzb3VyY2U6Mjc2MjU4MQ==', 'UmVzb3VyY2U6Mjc3MjAyNg==', 'UmVzb3VyY2U6Mjg2MjE0Mw==', 'UmVzb3VyY2U6MjkzNDc4Mg==', 'UmVzb3VyY2U6Mjk3NTQ1Ng==', 'UmVzb3VyY2U6MzAzMzgwNA==', 'UmVzb3VyY2U6MzA3MzQ3Mg==', 'UmVzb3VyY2U6MzI1MDI4MA==', 'UmVzb3VyY2U6MzMyMDkxOQ==', 'UmVzb3VyY2U6MzMyOTM0Nw==', 'UmVzb3VyY2U6MzMzMDAwNA==', 'UmVzb3VyY2U6MzQyNzgwMA==', 'UmVzb3VyY2U6MzQ0NzUwMg==', 'UmVzb3VyY2U6MzQ0ODg3NQ==']"
R3JvdXA6Nzc2OTU3,DEPARTMENT.SALES.EMPLOYEE,True,SYNCED,"['VXNlcjo1MjAyNDM=', 'VXNlcjo1Mzg3Mzg=', 'VXNlcjo1NDA5NTA=', 'VXNlcjo1NDkxMTY=', 'VXNlcjo1NTE0NjY=', 'VXNlcjo1NTMzMTU=', 'VXNlcjo1NTM4NjQ=', 'VXNlcjo1NTQwMzE=', 'VXNlcjo1NTQyNjA=', 'VXNlcjo1NTk0Nzk=', 'VXNlcjo1NjUyODk=', 'VXNlcjo1NjcxMjA=', 'VXNlcjo1Njg0MDU=', 'VXNlcjo1Njg0Mzc=', 'VXNlcjo1Njg4NTE=', 'VXNlcjo1Njg5OTM=', 'VXNlcjo1Njg5OTQ=', 'VXNlcjo1NjkwMjQ=', 'VXNlcjo1Njk0MTU=', 'VXNlcjo1Njk0MTc=', 'VXNlcjo1Njk0NjM=', 'VXNlcjo1NzAzNzI=', 'VXNlcjo1NzIyMDU=', 'VXNlcjo1NzIyMDc=', 'VXNlcjo1NzIyNzE=', 'VXNlcjo1NzM0NDA=', 'VXNlcjo1NzQ0MDQ=', 'VXNlcjo1NzQ0MTI=', 'VXNlcjo1NzUzNDk=', 'VXNlcjo1NzkxMDQ=', 'VXNlcjo1NzkxNjY=', 'VXNlcjo1Nzk3MzI=', 'VXNlcjo1ODcyMTA=', 'VXNlcjo1ODcyMTE=', 'VXNlcjo1ODkwODU=', 'VXNlcjo1ODk4MTk=', 'VXNlcjo1OTUzNTg=', 'VXNlcjo1OTcwOTQ=', 'VXNlcjo1OTcxODk=', 'VXNlcjo1OTc2NTk=', 'VXNlcjo1OTc4MzI=', 'VXNlcjo1OTc4MzM=', 'VXNlcjo1OTc4MzU=', 'VXNlcjo2MDEwMjc=', 'VXNlcjo2MDEzNzQ=', 'VXNlcjo2MDE2MjY=', 'VXNlcjo2MDM3MTQ=', 'VXNlcjo2MTM4MzQ=', 'VXNlcjo2MTYwNzg=', 'VXNlcjo2MTY3MDc=']","['UmVzb3VyY2U6MjkzNDc4Mg==', 'UmVzb3VyY2U6MzQ4NDA0Mg==']"
R3JvdXA6Nzc2OTU4,DEPARTMENT.EXECUTIVE.EMPLOYEE,True,SYNCED,[],[]
R3JvdXA6Nzc2OTU5,DEPARTMENT.ENGINEERING.EMPLOYEE,True,SYNCED,"['VXNlcjozODQ5ODI=', 'VXNlcjozODUwMDI=', 'VXNlcjozOTg1NzY=', 'VXNlcjozOTg1Nzg=', 'VXNlcjozOTg1Nzk=', 'VXNlcjozOTg1ODQ=', 'VXNlcjo0MDM2NDc=', 'VXNlcjo0MDgyODE=', 'VXNlcjo0MDgyODI=', 'VXNlcjo0MDgyODM=', 'VXNlcjo0MDg0MDY=', 'VXNlcjo0MzY1MDY=', 'VXNlcjo0MzY1MDc=', 'VXNlcjo0MzY1MDg=', 'VXNlcjo0MzY1MDk=', 'VXNlcjo0MzY1MTA=', 'VXNlcjo0NTk0MTg=', 'VXNlcjo0NTk0MTk=', 'VXNlcjo0NTk0MjA=', 'VXNlcjo0NTk0MjM=', 'VXNlcjo0NTk0MjQ=', 'VXNlcjo0NTk0MjU=', 'VXNlcjo0NTk0Mjc=', 'VXNlcjo0NTk5ODc=', 'VXNlcjo0NjY4Nzg=', 'VXNlcjo0NjY4ODI=', 'VXNlcjo0NzE2MjI=', 'VXNlcjo0NzI2MTg=', 'VXNlcjo0NzMxNzM=', 'VXNlcjo0NzMxNzU=', 'VXNlcjo0NzMxNzY=', 'VXNlcjo0NzMxNzk=', 'VXNlcjo0NzMxODg=', 'VXNlcjo0NzMxOTM=', 'VXNlcjo0NzMxOTQ=', 'VXNlcjo0NzMxOTU=', 'VXNlcjo0NzMxOTg=', 'VXNlcjo0NzMxOTk=', 'VXNlcjo0NzMyMDE=', 'VXNlcjo0NzMyMDI=', 'VXNlcjo0NzMyMDM=', 'VXNlcjo0NzMyMDU=', 'VXNlcjo0NzMyODI=', 'VXNlcjo0NzMyODM=', 'VXNlcjo0NzMyODU=', 'VXNlcjo0NzMyODY=', 'VXNlcjo0NzMyODg=', 'VXNlcjo0NzMyODk=', 'VXNlcjo0NzMyOTA=', 'VXNlcjo0NzMyOTE=']",[]
R3JvdXA6Nzc2OTYw,DEPARTMENT.PEOPLE.EMPLOYEE,True,SYNCED,"['VXNlcjo5NTM4NzI=', 'VXNlcjoxMDA3Mzc3', 'VXNlcjoxMTM5MDA2', 'VXNlcjoxMTM5OTUx', 'VXNlcjoxMTU0MTgy', 'VXNlcjoxMTU0MjQ0', 'VXNlcjoxMTU0MjQ4', 'VXNlcjoxMTU0MjQ5', 'VXNlcjoxMTU0MjU2', 'VXNlcjoxMTU0MjU3', 'VXNlcjoxMTU0MjYw', 'VXNlcjoxMTU0MjYx', 'VXNlcjoxMTU0MjY1', 'VXNlcjoxMTU0MjY4', 'VXNlcjoxMTU0Mjcw', 'VXNlcjoxMTU0Mjcx', 'VXNlcjoxMTU0Mjcy', 'VXNlcjoxMTU0Mjcz', 'VXNlcjoxMTU0Mjc2', 'VXNlcjoxMTU0Mjc4', 'VXNlcjoxMTU0Mjc5', 'VXNlcjoxMTU0Mjgx', 'VXNlcjoxMTU0Mjgy', 'VXNlcjoxMTU0Mjgz', 'VXNlcjoxMTU0Mjg4', 'VXNlcjoxMTU0Mjkz', 'VXNlcjoxMTU0Mjk2', 'VXNlcjoxMTU0Mjk3', 'VXNlcjoxMTU0Mjk4', 'VXNlcjoxMTU0Mjk5', 'VXNlcjoxMTU0MzAx', 'VXNlcjoxMTU0MzAz', 'VXNlcjoxMTU0MzA0', 'VXNlcjoxMTU0MzA1', 'VXNlcjoxMTU0MzA2', 'VXNlcjoxMTU0MzA4', 'VXNlcjoxMTU0MzEx', 'VXNlcjoxMTU0MzEy', 'VXNlcjoxMTU0MzE0', 'VXNlcjoxMTU0MzE2', 'VXNlcjoxMTU0MzE3', 'VXNlcjoxMTU0MzIw', 'VXNlcjoxMTU0MzIy', 'VXNlcjoxMTU0MzIz', 'VXNlcjoxMTU0MzI0', 'VXNlcjoxMTU0MzI2', 'VXNlcjoxMTU0MzI4', 'VXNlcjoxMTU0MzMw', 'VXNlcjoxMTU0MzM0', 'VXNlcjoxMTU0MzM2']",[]
R3JvdXA6Nzc2OTYx,DEPARTMENT.RESEARCH.EMPLOYEE,True,SYNCED,"['VXNlcjo1Njg4Njk=', 'VXNlcjo1Njk0NTU=', 'VXNlcjo1NzI0Mjc=', 'VXNlcjo1NzI0Mjk=', 'VXNlcjo1NzI0MzY=', 'VXNlcjo1NzI0NDg=', 'VXNlcjo1NzI0NTk=', 'VXNlcjo4NDg4MjA=', 'VXNlcjo4NDkzMzQ=', 'VXNlcjo5MDY4NjY=', 'VXNlcjo5NTA2OTk=', 'VXNlcjo5OTUzMjQ=', 'VXNlcjoxMDYyMDQ1', 'VXNlcjoxMDYyMDQ3', 'VXNlcjoxMTM5MDEw', 'VXNlcjoxMzM0NjY3', 'VXNlcjoxMzYxMDUz']",[]
R3JvdXA6Nzc2OTYy,DEPARTMENT.CX.EMPLOYEE,True,SYNCED,"['VXNlcjo1MjAyMzk=', 'VXNlcjo1MjAyNDA=', 'VXNlcjo1MjAyNDI=', 'VXNlcjo1MjAyNDQ=', 'VXNlcjo1MjAyNDU=', 'VXNlcjo1MjAyNTI=', 'VXNlcjo1MjAyNTM=', 'VXNlcjo1MjAyNTQ=', 'VXNlcjo1MjAyNTU=', 'VXNlcjo1MjAyNTY=', 'VXNlcjo1MjAyNTc=', 'VXNlcjo1MjAyNjE=', 'VXNlcjo1MjAyNjI=', 'VXNlcjo1MjAyNjQ=', 'VXNlcjo1MjAyNjU=', 'VXNlcjo1MjAyNjY=', 'VXNlcjo1MzQwOTI=', 'VXNlcjo1NTI0NzY=', 'VXNlcjo1NTU1MTk=', 'VXNlcjo1NjAxMDU=', 'VXNlcjo1NjAxMDg=', 'VXNlcjo1Njk5OTM=', 'VXNlcjo2MTUzNTQ=', 'VXNlcjo2NDk1NDk=', 'VXNlcjo2NDk1NTM=', 'VXNlcjo2NTE5Mjk=', 'VXNlcjo2NTU3MTU=', 'VXNlcjo2NTc2OTQ=', 'VXNlcjo2ODA0MjY=', 'VXNlcjo2OTkxNTI=', 'VXNlcjo3MTc0OTE=', 'VXNlcjo3ODMyMjI=', 'VXNlcjo4NDg4NzM=', 'VXNlcjo4NjI2OTU=', 'VXNlcjo4OTAxMjE=', 'VXNlcjo5MjA4OTg=', 'VXNlcjo5Mzc4MTg=', 'VXNlcjo5NDY4NTE=', 'VXNlcjo5NDY5MDA=', 'VXNlcjo5OTg5NDA=', 'VXNlcjoxMDAwNTk5', 'VXNlcjoxMDIwNDI3', 'VXNlcjoxMDIxNTIz', 'VXNlcjoxMDIxNjg3', 'VXNlcjoxMTM5MDM3', 'VXNlcjoxMTM5MDQw', 'VXNlcjoxMTYzOTEx', 'VXNlcjoxMTcxNzI2', 'VXNlcjoxMTkzMzc4', 'VXNlcjoxMjI2MDY4']",[]
R3JvdXA6Nzc2OTY0,DEPARTMENT.MARKETING.EMPLOYEE,True,SYNCED,"['VXNlcjo1NTAzOTg=', 'VXNlcjo1OTc4MzY=', 'VXNlcjo1OTkyNzg=', 'VXNlcjo2NTEwOTA=', 'VXNlcjo2NjA5MDk=', 'VXNlcjo2NjQ0MzI=', 'VXNlcjo2NzMxMzE=', 'VXNlcjo2NzU1MTk=', 'VXNlcjo3MDM4MTk=', 'VXNlcjo3NjQwMDE=', 'VXNlcjo4MzQ0NDE=', 'VXNlcjo4MzcxNzI=', 'VXNlcjo4NDM0ODc=', 'VXNlcjo4NDYyOTg=', 'VXNlcjo4NDg2OTQ=', 'VXNlcjo4NTc1Nzk=', 'VXNlcjo5MjUwMjg=', 'VXNlcjo5MjUwMzA=', 'VXNlcjo5MjUwMzE=', 'VXNlcjo5Mzk2ODc=', 'VXNlcjo5Njg1NTg=', 'VXNlcjo5ODc1NTQ=', 'VXNlcjo5OTc3OTU=', 'VXNlcjoxMDEyMTQw', 'VXNlcjoxMDI5NDI5', 'VXNlcjoxMDI5NDMz', 'VXNlcjoxMDI5NDM0', 'VXNlcjoxMDI5NDM1', 'VXNlcjoxMDM4NTU5', 'VXNlcjoxMDM4NTYw', 'VXNlcjoxMDM4NTYy', 'VXNlcjoxMDM4NzU4', 'VXNlcjoxMTI1MjM4', 'VXNlcjoxMTI2NzA1', 'VXNlcjoxMTMyNzk2', 'VXNlcjoxMTM1MDI3', 'VXNlcjoxMTM5MDQ5', 'VXNlcjoxMTQwMjE0', 'VXNlcjoxMTQ3MTIx', 'VXNlcjoxMTUyNjQ5', 'VXNlcjoxMTU0MjUx', 'VXNlcjoxMTU0MjUy', 'VXNlcjoxMTU0MjY0', 'VXNlcjoxMTU0MjY5', 'VXNlcjoxMTU0Mjc3', 'VXNlcjoxMTU0Mjg5', 'VXNlcjoxMTU0Mjkw', 'VXNlcjoxMTU0Mjk0', 'VXNlcjoxMTU0Mjk1', 'VXNlcjoxMTU0MzAy']","['UmVzb3VyY2U6MjQ1ODc5MQ==', 'UmVzb3VyY2U6MjQ1ODc5Mg==']"
R3JvdXA6Nzc2OTY1,TEAM.COMMERCIAL_LEGAL.EMPLOYEE,True,SYNCED,"['VXNlcjoxMDM5MjQ3', 'VXNlcjoxMTU0Mjky', 'VXNlcjoxMTU0Mzc4', 'VXNlcjoxMTU0Mzgw', 'VXNlcjoxMzcyMTE0']",[]
R3JvdXA6Nzc2OTY2,TEAM.EXECUTIVE_OPERATIONS_PEOPLE.EMPLOYEE,True,SYNCED,[],[]
R3JvdXA6Nzc2OTY3,TEAM.CUSTOMER_EXPERIENCE.EMPLOYEE,True,SYNCED,"['VXNlcjo1MjAyNDA=', 'VXNlcjo1MjAyNDI=', 'VXNlcjo1MjAyNDQ=', 'VXNlcjo1MjAyNDU=', 'VXNlcjo1MjAyNTI=', 'VXNlcjo1MjAyNTM=', 'VXNlcjo1MjAyNTQ=', 'VXNlcjo1MjAyNTU=', 'VXNlcjo1MjAyNTY=', 'VXNlcjo1MjAyNTc=', 'VXNlcjo1MjAyNjE=', 'VXNlcjo1MjAyNjQ=', 'VXNlcjo1MjAyNjU=', 'VXNlcjo1MjAyNjY=', 'VXNlcjo1MzQwOTI=', 'VXNlcjo1NTU1MTk=', 'VXNlcjo1NjAxMDg=', 'VXNlcjo2NDk1NDk=', 'VXNlcjo2NDk1NTM=', 'VXNlcjo2NTc2OTQ=', 'VXNlcjo3MTc0OTE=', 'VXNlcjo4NjI2OTU=', 'VXNlcjo4OTAxMjE=', 'VXNlcjo5MjA4OTg=', 'VXNlcjoxMDAwNTk5', 'VXNlcjoxMTM5MDM3', 'VXNlcjoxMTM5MDQw', 'VXNlcjoxMTYzOTEx', 'VXNlcjoxMjQyMjA5', 'VXNlcjoxMjQyMjEw', 'VXNlcjoxMjc0NjI3', 'VXNlcjoxMjg0MzYz', 'VXNlcjoxMjg0NDY1', 'VXNlcjoxMzE3Nzg0', 'VXNlcjoxMzcxODk4', 'VXNlcjoxMzkxOTA5']",[]
R3JvdXA6Nzc2OTY4,TEAM.PRODUCT_MARKETING.EMPLOYEE,True,SYNCED,"['VXNlcjo2NzMxMzE=', 'VXNlcjo4MzQ0NDE=', 'VXNlcjo4NTc1Nzk=', 'VXNlcjo5OTc3OTU=', 'VXNlcjoxMDI5NDI5', 'VXNlcjoxMTc0Njc1']",[]
R3JvdXA6Nzc2OTY5,TEAM.BUSINESS_DEVELOPMENT.EMPLOYEE,True,SYNCED,"['VXNlcjo1NzI0Mzk=', 'VXNlcjo2NzM0NTY=']",[]
R3JvdXA6Nzc2OTcw,TEAM.ENGINEERING.EMPLOYEE,True,SYNCED,"['VXNlcjo1MjAzMzQ=', 'VXNlcjoxMzM0ODE4', 'VXNlcjoxMzYxMDUx']",[]
R3JvdXA6Nzc2OTcx,TEAM.EXECUTIVE_OPERATIONS_ENGINEERING.EMPLOYEE,True,SYNCED,['VXNlcjo0NzMxOTQ='],[]
R3JvdXA6Nzc2OTcy,TEAM.RECRUITING.EMPLOYEE,True,SYNCED,"['VXNlcjo5NTM4NzI=', 'VXNlcjoxMDA3Mzc3', 'VXNlcjoxMTM5OTUx', 'VXNlcjoxMTU0MjQ0', 'VXNlcjoxMTU0MjQ5', 'VXNlcjoxMTU0MjU2', 'VXNlcjoxMTU0MjY4', 'VXNlcjoxMTU0Mjcw', 'VXNlcjoxMTU0Mjcx', 'VXNlcjoxMTU0Mjcz', 'VXNlcjoxMTU0Mjc2', 'VXNlcjoxMTU0Mjc5', 'VXNlcjoxMTU0Mjgy', 'VXNlcjoxMTU0Mjk3', 'VXNlcjoxMTU0Mjk5', 'VXNlcjoxMTU0MzAx', 'VXNlcjoxMTU0MzA0', 'VXNlcjoxMTU0MzE0', 'VXNlcjoxMTU0MzE2', 'VXNlcjoxMTU0MzIw', 'VXNlcjoxMTU0MzIz', 'VXNlcjoxMTU0MzI2', 'VXNlcjoxMTU0MzI4', 'VXNlcjoxMTU0MzMw', 'VXNlcjoxMTU0MzM3', 'VXNlcjoxMTU0MzM4', 'VXNlcjoxMTU0MzQx', 'VXNlcjoxMTU0MzQ5', 'VXNlcjoxMTU0MzUz', 'VXNlcjoxMTU0MzU2', 'VXNlcjoxMTU0MzU5', 'VXNlcjoxMTU0MzY3', 'VXNlcjoxMTU0Mzg2', 'VXNlcjoxMTU0Mzkx', 'VXNlcjoxMTU0Mzky', 'VXNlcjoxMTU0Mzk1', 'VXNlcjoxMTU0Mzk2', 'VXNlcjoxMTU0Mzk3', 'VXNlcjoxMTU0NDAx', 'VXNlcjoxMTU0NDA1', 'VXNlcjoxMTU0NDA3', 'VXNlcjoxMTcxNzYz', 'VXNlcjoxMTkzMzcw', 'VXNlcjoxMjI2MDYz', 'VXNlcjoxMjYyMjU4', 'VXNlcjoxMjg0MzAz', 'VXNlcjoxMjg0MzUy', 'VXNlcjoxMjg0MzU4', 'VXNlcjoxMzA3MzY5', 'VXNlcjoxMzA3NDUz']",[]
R3JvdXA6Nzc2OTcz,TEAM.CONNECTED_APPS.EMPLOYEE,True,SYNCED,"['VXNlcjo1MjAyNjg=', 'VXNlcjo1MjAyNzk=', 'VXNlcjo1MjAyODA=', 'VXNlcjo1MjAzMjA=', 'VXNlcjo1MjAzMjI=', 'VXNlcjo1MjAzMzM=', 'VXNlcjo1MjAzMzg=', 'VXNlcjo1MjAzMzk=', 'VXNlcjo1MjAzNDc=', 'VXNlcjo1MjAzNTE=', 'VXNlcjo1MjAzNzQ=', 'VXNlcjo1MjAzNzk=', 'VXNlcjo1MjAzODA=', 'VXNlcjo1MjAzOTQ=', 'VXNlcjo1MjA0MTA=', 'VXNlcjo1MjA0MjA=', 'VXNlcjo1MjA0MzM=', 'VXNlcjo1MjM3ODI=', 'VXNlcjo1MjYzNjY=', 'VXNlcjo1MzQwMzY=', 'VXNlcjo1NjUxMTc=', 'VXNlcjo1NzE0MTI=', 'VXNlcjo1NzkwNzg=', 'VXNlcjo1ODExMDI=', 'VXNlcjo1ODk5MDU=', 'VXNlcjo2MDAwMTY=', 'VXNlcjo2NDMyNDM=', 'VXNlcjo2NTc3NjI=', 'VXNlcjo2NjAyMzg=', 'VXNlcjo2ODYzMTg=', 'VXNlcjo2OTc0NjI=', 'VXNlcjo3MjM0MDE=', 'VXNlcjo3MjUyODU=', 'VXNlcjo3Mzc4NjU=', 'VXNlcjo3NTAyNDU=', 'VXNlcjo3NjQxNjg=', 'VXNlcjo5NDc2MDU=', 'VXNlcjo5OTY2MzE=', 'VXNlcjoxMDM2MTEw', 'VXNlcjoxMDM2MjA0', 'VXNlcjoxMDUwNDMw', 'VXNlcjoxMDYyMDUx', 'VXNlcjoxMTM5MDQy', 'VXNlcjoxMTcxNzAw', 'VXNlcjoxMTgzNzA0', 'VXNlcjoxMjI2MjE5', 'VXNlcjoxMjg0NDU4', 'VXNlcjoxMzA3NTY1', 'VXNlcjoxMzE3ODM5', 'VXNlcjoxMzE3ODQw']",[]
R3JvdXA6Nzc2OTc0,TEAM.ACCOUNT_EXECUTIVE.EMPLOYEE,True,SYNCED,"['VXNlcjo1NDA5NTA=', 'VXNlcjo1NDkxMTY=', 'VXNlcjo1NTE0NjY=', 'VXNlcjo1NTM4NjQ=', 'VXNlcjo1NTQyNjA=', 'VXNlcjo1NjcxMjA=', 'VXNlcjo1Njg0MDU=', 'VXNlcjo1Njg5OTM=', 'VXNlcjo1NzIyNzE=', 'VXNlcjo1NzQ0MDQ=', 'VXNlcjo1Nzk3MzI=', 'VXNlcjo1OTcwOTQ=', 'VXNlcjo1OTc2NTk=', 'VXNlcjo2MDEwMjc=', 'VXNlcjo2MDEzNzQ=', 'VXNlcjo2MTM4MzQ=', 'VXNlcjo2MTYwNzg=', 'VXNlcjo2MTY3MDc=', 'VXNlcjo2MTgxMTM=', 'VXNlcjo2MjA2NTU=', 'VXNlcjo2MjA2NTY=', 'VXNlcjo2MzM3NjE=', 'VXNlcjo2MzM3NjI=', 'VXNlcjo2Mzk5OTE=', 'VXNlcjo2NDIwODI=', 'VXNlcjo2NDIwODM=', 'VXNlcjo2NTEwOTM=', 'VXNlcjo2NTMwOTU=', 'VXNlcjo2NTc5MzU=', 'VXNlcjo2NTkwMDU=', 'VXNlcjo2NzA1ODU=', 'VXNlcjo2NzA1ODY=', 'VXNlcjo2NzY4ODA=', 'VXNlcjo2ODM2MTU=', 'VXNlcjo2ODM3Mjc=', 'VXNlcjo2ODUzOTk=', 'VXNlcjo2ODU5OTE=', 'VXNlcjo2ODgyNzQ=', 'VXNlcjo2ODk1MTg=', 'VXNlcjo2OTM3MDk=', 'VXNlcjo2OTM3ODE=', 'VXNlcjo2OTQzNTU=', 'VXNlcjo2OTQzNTg=', 'VXNlcjo2OTQzNjQ=', 'VXNlcjo2OTQzNzY=', 'VXNlcjo2OTQzNzk=', 'VXNlcjo2OTQzODQ=', 'VXNlcjo2OTQzODY=', 'VXNlcjo2OTQzODc=', 'VXNlcjo2OTQzODg=']",[]
R3JvdXA6Nzc2OTc1,TEAM.CONTRIBUTIONS.EMPLOYEE,True,SYNCED,[],[]
R3JvdXA6Nzc2OTc2,TEAM.EXECUTIVE_OPERATIONS_FINANCE.EMPLOYEE,True,SYNCED,['VXNlcjoxMTU0MzI5'],[]
R3JvdXA6Nzc2OTc3,TEAM.INFRASTRUCTURE.EMPLOYEE,True,SYNCED,"['VXNlcjozODQ5ODI=', 'VXNlcjozOTg1NzY=', 'VXNlcjozOTg1Nzg=', 'VXNlcjo0MDgyODE=', 'VXNlcjo0MDgyODI=', 'VXNlcjo0MDgyODM=', 'VXNlcjo0MzY1MDc=', 'VXNlcjo0MzY1MDg=', 'VXNlcjo0MzY1MDk=', 'VXNlcjo0MzY1MTA=', 'VXNlcjo0NjY4Nzg=', 'VXNlcjo0NzI2MTg=', 'VXNlcjo0NzMyOTM=', 'VXNlcjo1MjAyODc=', 'VXNlcjo1MjAyOTk=', 'VXNlcjo1MjAzMDU=', 'VXNlcjo1MjAzMTE=', 'VXNlcjo1MjAzMjY=', 'VXNlcjo1MjAzMzE=', 'VXNlcjo1MjAzNDI=', 'VXNlcjo1MjAzODI=', 'VXNlcjo1MjAzOTY=', 'VXNlcjo1MjAzOTc=', 'VXNlcjo1MjA0MDQ=', 'VXNlcjo1NDM1NDY=', 'VXNlcjo1NjUwODk=', 'VXNlcjo1NzI0MTI=', 'VXNlcjo2MDAwMjU=', 'VXNlcjo2MDk2NzI=', 'VXNlcjo2NTc3Mzg=', 'VXNlcjo3MjYxNzc=', 'VXNlcjo4MjcwNzQ=', 'VXNlcjo4Nzk5OTg=', 'VXNlcjo5MjA1Njg=', 'VXNlcjo5NDc0MTg=', 'VXNlcjo5OTAyMTg=', 'VXNlcjoxMDAwNDk2', 'VXNlcjoxMDA3NDkz', 'VXNlcjoxMDEyMjQ1', 'VXNlcjoxMDE0Mjg1', 'VXNlcjoxMDI4ODU0', 'VXNlcjoxMTM1MDI1', 'VXNlcjoxMTM1MDI2', 'VXNlcjoxMTM2OTA0', 'VXNlcjoxMTUyODA4', 'VXNlcjoxMTUyODEw', 'VXNlcjoxMTU0NDEx', 'VXNlcjoxMTU3MDUx', 'VXNlcjoxMTcxNzgx', 'VXNlcjoxMjYyMTk2']",[]
R3JvdXA6Nzc2OTc4,TEAM.EMPLOYEE_ENGAGEMENT.EMPLOYEE,True,SYNCED,"['VXNlcjoxMTM5MDA2', 'VXNlcjoxMTU0MTgy', 'VXNlcjoxMTU0MzAz', 'VXNlcjoxMTU0MzA1', 'VXNlcjoxMTU0MzEy', 'VXNlcjoxMTU0MzI0', 'VXNlcjoxMTU0MzM2', 'VXNlcjoxMTU0Mzg5', 'VXNlcjoxMjYyMzgy', 'VXNlcjoxMjg0MzA0', 'VXNlcjoxMzA3NTYz', 'VXNlcjoxMzkxOTA4']",[]
R3JvdXA6Nzc2OTc5,TEAM.COMMS_AND_CONTENT.EMPLOYEE,True,SYNCED,"['VXNlcjoxMTM5MDUx', 'VXNlcjoxMTM5MDUy', 'VXNlcjoxMTU0MjY5']",[]
R3JvdXA6Nzc2OTgw,TEAM.DEMAND_GENERATION.EMPLOYEE,True,SYNCED,"['VXNlcjo3MDM4MTk=', 'VXNlcjo5MjUwMjg=', 'VXNlcjo5MjUwMzA=', 'VXNlcjoxMTI2NzA1', 'VXNlcjoxMTM1MDI3', 'VXNlcjoxMTY1OTQy', 'VXNlcjoxMzYwODQ3']",[]
R3JvdXA6Nzc2OTgx,TEAM.CX_USER_OPERATIONS.EMPLOYEE,True,SYNCED,"['VXNlcjo1MjAyMzk=', 'VXNlcjo1NTI0NzY=', 'VXNlcjo1NjAxMDU=', 'VXNlcjo2MTUzNTQ=', 'VXNlcjo2NTE5Mjk=', 'VXNlcjo2NTU3MTU=', 'VXNlcjo2ODA0MjY=', 'VXNlcjo3ODMyMjI=', 'VXNlcjo5Mzc4MTg=', 'VXNlcjoxMTcxNzI2', 'VXNlcjoxMTkzMzc4', 'VXNlcjoxMzE3OTMx', 'VXNlcjoxMzM0ODM1', 'VXNlcjoxMzM0ODM3', 'VXNlcjoxMzkyMTI0']",[]
R3JvdXA6Nzc2OTgy,TEAM.ACCOUNTING.EMPLOYEE,True,SYNCED,"['VXNlcjo1Njg0NjE=', 'VXNlcjo1Njg0Njk=', 'VXNlcjo1Njg0NzI=', 'VXNlcjo1Njg0ODM=', 'VXNlcjo2MTY4MjQ=', 'VXNlcjo2MzM3NjQ=', 'VXNlcjo3NDAzOTM=', 'VXNlcjo4MjQxNTY=', 'VXNlcjo5MTUwNjM=', 'VXNlcjo5MTc5NDY=', 'VXNlcjo5NTE4NzE=', 'VXNlcjo5NTY3NDU=', 'VXNlcjo5NTgyNjg=', 'VXNlcjoxMTU0MTY0', 'VXNlcjoxMTU0MTky', 'VXNlcjoxMTU0MjY2', 'VXNlcjoxMTU0MjY3', 'VXNlcjoxMTU0Mjgw', 'VXNlcjoxMTU0Mjg0', 'VXNlcjoxMTU0Mjg3', 'VXNlcjoxMTU0MzMy', 'VXNlcjoxMTU0MzUy', 'VXNlcjoxMTU0MzY2', 'VXNlcjoxMTU0Mzg0', 'VXNlcjoxMTU0Mzkz', 'VXNlcjoxMTU0NDA5', 'VXNlcjoxMTU3NzMz', 'VXNlcjoxMTcxNzA3', 'VXNlcjoxMTkzMzc5', 'VXNlcjoxMjQyNDQw', 'VXNlcjoxMjQyNDQz', 'VXNlcjoxMjQyNDQ2', 'VXNlcjoxMjYyMzc4', 'VXNlcjoxMjg0NDU3', 'VXNlcjoxMzA3NTU5', 'VXNlcjoxMzI4Mzkz', 'VXNlcjoxMzYxMDQ4', 'VXNlcjoxMzcyMTE2', 'VXNlcjoxMzkyMTE5']",[]
R3JvdXA6Nzc2OTgz,TEAM.MARKETING.EMPLOYEE,True,SYNCED,"['VXNlcjo2NzU1MTk=', 'VXNlcjo4MzcxNzI=', 'VXNlcjo5MjUwMzE=', 'VXNlcjo5ODc1NTQ=', 'VXNlcjoxMTI1MjM4', 'VXNlcjoxMTMyNzk2', 'VXNlcjoxMTUyNjQ5', 'VXNlcjoxMTU0MjUx', 'VXNlcjoxMTU0MjY0', 'VXNlcjoxMTU0Mjc3', 'VXNlcjoxMTU0Mjg5', 'VXNlcjoxMTU0Mjk1', 'VXNlcjoxMTU0MzAy', 'VXNlcjoxMTU0MzI3', 'VXNlcjoxMTU0MzQ4', 'VXNlcjoxMTU0Mzcw', 'VXNlcjoxMTU0Mzg1', 'VXNlcjoxMTU0NDEz', 'VXNlcjoxMTU4NTUx', 'VXNlcjoxMTY3Njc2', 'VXNlcjoxMTczMDI3', 'VXNlcjoxMzA3Mzc2', 'VXNlcjoxMzQ3Nzk5', 'VXNlcjoxMzcyMDUx', 'VXNlcjoxMzkxOTA3', 'VXNlcjoxMzkyMDQ1']",[]
R3JvdXA6Nzc2OTg0,TEAM.EXECUTIVE_OPERATIONS_PRODUCT.EMPLOYEE,True,SYNCED,['VXNlcjo1NzI0NzA='],[]
R3JvdXA6Nzc2OTg1,TEAM.PRODUCT_LEGAL.EMPLOYEE,True,SYNCED,"['VXNlcjoxMTU0MjYz', 'VXNlcjoxMTU0MzU0', 'VXNlcjoxMTU0MzU4', 'VXNlcjoxMTU0Mzgz', 'VXNlcjoxMTU0NDAz']",[]
R3JvdXA6Nzc2OTg2,TEAM.CHIEF_OF_STAFF_SALES.EMPLOYEE,True,SYNCED,['VXNlcjo5MTgzODY='],[]
R3JvdXA6Nzc2OTg3,TEAM.PARTNER_SALES.EMPLOYEE,True,SYNCED,"['VXNlcjo1NzQ0MTI=', 'VXNlcjo2NTk0ODM=', 'VXNlcjo2OTQzMzk=', 'VXNlcjo4ODk3Njc=', 'VXNlcjo5NDg2OTA=', 'VXNlcjoxMjg0NDY4', 'VXNlcjoxMzM0NjE2']",[]
R3JvdXA6Nzc2OTg4,TEAM.TOTAL_REWARDS.EMPLOYEE,True,SYNCED,"['VXNlcjoxMTU0MjU3', 'VXNlcjoxMTU0MjY1', 'VXNlcjoxMTU0Mjgz', 'VXNlcjoxMTU0MzQ2', 'VXNlcjoxMTU0Mzcx']",[]
R3JvdXA6Nzc2OTg5,TEAM.DATA_SCIENCE.EMPLOYEE,True,SYNCED,"['VXNlcjo0NzMxODg=', 'VXNlcjo0NzMxOTM=', 'VXNlcjo0NzMxOTU=', 'VXNlcjo0NzMxOTg=', 'VXNlcjo0NzMyMDE=', 'VXNlcjo0NzMyMDI=', 'VXNlcjo0NzMyMDM=', 'VXNlcjo0NzMyMDU=', 'VXNlcjo1MDA3MjI=', 'VXNlcjo1MzI1MjY=', 'VXNlcjo2MzA5MzQ=', 'VXNlcjo3MjQwNzI=', 'VXNlcjo3Mzc4Mjg=', 'VXNlcjo4Mjc1MjA=', 'VXNlcjo4OTgxNDQ=', 'VXNlcjo5MDYxODM=', 'VXNlcjo5MDY1OTA=', 'VXNlcjo5NjA3MDY=', 'VXNlcjoxMDEyMjQ0', 'VXNlcjoxMDUwNDI2', 'VXNlcjoxMTM1MDI4', 'VXNlcjoxMTM2OTEx', 'VXNlcjoxMTM2OTM5', 'VXNlcjoxMTUyNzky', 'VXNlcjoxMTUyNzk3', 'VXNlcjoxMTcxNzE1', 'VXNlcjoxMTczMDM4', 'VXNlcjoxMjI2MjIx', 'VXNlcjoxMzI4NDAy', 'VXNlcjoxMzM0ODI0', 'VXNlcjoxMzM0ODMy', 'VXNlcjoxMzYxMDUy']",[]
R3JvdXA6Nzc2OTkw,TEAM.SALES_DEVELOPMENT.EMPLOYEE,True,SYNCED,"['VXNlcjo1NTQwMzE=', 'VXNlcjo1Njk0MTU=', 'VXNlcjo1NzIyMDU=', 'VXNlcjo1NzIyMDc=', 'VXNlcjo1NzM0NDA=', 'VXNlcjo1NzkxNjY=', 'VXNlcjo1OTUzNTg=', 'VXNlcjo2MjY2Mjg=', 'VXNlcjo2MzQ1MDA=', 'VXNlcjo2Mzk0MzA=', 'VXNlcjo2ODM0ODU=', 'VXNlcjo2OTAyOTk=', 'VXNlcjo2OTQzNTY=', 'VXNlcjo2OTQzNjU=', 'VXNlcjo2OTQzNjc=', 'VXNlcjo2OTQzODM=', 'VXNlcjo3NTQ4NzE=', 'VXNlcjo3NTUwMDE=', 'VXNlcjo3ODA2MDY=', 'VXNlcjo4Mzk1ODc=', 'VXNlcjo4NDE0OTI=', 'VXNlcjo4NDk1MDc=', 'VXNlcjo4NjkyNjI=', 'VXNlcjo4Njk3NDg=', 'VXNlcjo4ODYxMDI=', 'VXNlcjo5MzQxODU=', 'VXNlcjo5NDg3NzA=', 'VXNlcjo5NDk2Nzk=', 'VXNlcjo5NTM3MTg=', 'VXNlcjo5OTQ0ODY=', 'VXNlcjo5OTYzMjk=', 'VXNlcjoxMDA3NDkw', 'VXNlcjoxMDE0Mjgz', 'VXNlcjoxMDI4NzQz', 'VXNlcjoxMDUwNDI5', 'VXNlcjoxMDYyMDQ0', 'VXNlcjoxMTM5MDYy', 'VXNlcjoxMTM5MDY0', 'VXNlcjoxMTM5MDY5', 'VXNlcjoxMTM5MDc0', 'VXNlcjoxMTQ5MTI4', 'VXNlcjoxMTU3MTY1', 'VXNlcjoxMTU4ODEw', 'VXNlcjoxMTY0NjQ3', 'VXNlcjoxMjI2MjI1', 'VXNlcjoxMjQyNDQ5', 'VXNlcjoxMjQyNDUw', 'VXNlcjoxMjU1MzA5', 'VXNlcjoxMjg0MzU1', 'VXNlcjoxMzA3Mzc5']",[]
R3JvdXA6Nzc2OTkx,TEAM.CHIEF_OF_STAFF_PEOPLE.EMPLOYEE,True,SYNCED,"['VXNlcjoxMTU0Mjcy', 'VXNlcjoxMTU0Mjg4', 'VXNlcjoxMzE3OTIz']",[]
R3JvdXA6Nzc2OTky,TEAM.DATA_ENGINEERING.EMPLOYEE,True,SYNCED,"['VXNlcjo0MDM2NDc=', 'VXNlcjo0NTk0MTg=', 'VXNlcjo0NTk0MTk=', 'VXNlcjo0NTk0MjA=', 'VXNlcjo0NTk0MjM=', 'VXNlcjo0NTk0MjQ=', 'VXNlcjo0NTk0Mjc=', 'VXNlcjo2NzU5Mjk=', 'VXNlcjo2ODYzMjg=', 'VXNlcjo2ODY0MTE=', 'VXNlcjo2ODY0MTI=', 'VXNlcjo5MDc1NDk=', 'VXNlcjo5MTkwODM=', 'VXNlcjoxMDMwMDY3', 'VXNlcjoxMTM2OTU4', 'VXNlcjoxMTUyNzk1', 'VXNlcjoxMTczMDM3', 'VXNlcjoxMTgzNjkx', 'VXNlcjoxMjI2MjIw', 'VXNlcjoxMzM0ODE3', 'VXNlcjoxMzQ4NzQw', 'VXNlcjoxMzQ4NzQ4', 'VXNlcjoxMzQ4NzUx', 'VXNlcjoxMzcxOTQ2', 'VXNlcjoxMzcxOTQ3', 'VXNlcjoxMzcyMTE5', 'VXNlcjoxMzc2NzQ2']","['UmVzb3VyY2U6MjQxMzYxNQ==', 'UmVzb3VyY2U6MjQ3MTQxOQ==', 'UmVzb3VyY2U6MjQ4NDU2OA==', 'UmVzb3VyY2U6MjQ4NDU3NA==', 'UmVzb3VyY2U6MzQ4NDAxMg==', 'UmVzb3VyY2U6MzQ4NDAzNg==', 'UmVzb3VyY2U6MzQ4NDA0NQ==', 'UmVzb3VyY2U6MzQ4NDA1NQ==']"
R3JvdXA6Nzc2OTkz,TEAM.DATA_PRODUCT.EMPLOYEE,True,SYNCED,[],[]
R3JvdXA6Nzc2OTk0,TEAM.REVENUE_OPERATIONS.EMPLOYEE,True,SYNCED,"['VXNlcjo1Njg0Mzc=', 'VXNlcjo1NzAzNzI=', 'VXNlcjo2ODAxNzE=', 'VXNlcjo2OTQ0MDE=', 'VXNlcjo2OTQ0MDI=', 'VXNlcjo2OTQ0MDQ=', 'VXNlcjo2OTQ0MDc=', 'VXNlcjo2OTQ0MDg=', 'VXNlcjo3NTA4MjU=', 'VXNlcjo3ODc4NzE=', 'VXNlcjo4Mjg2MzQ=', 'VXNlcjo5MDc1NDI=', 'VXNlcjo5MDgwMjc=', 'VXNlcjo5MjQ1NjM=', 'VXNlcjo5NTEzOTg=', 'VXNlcjoxMDIxNjg2', 'VXNlcjoxMTM1MDI0', 'VXNlcjoxMTM2OTM4', 'VXNlcjoxMTUyODY5', 'VXNlcjoxMTU0MjYy', 'VXNlcjoxMTU3MDQ5', 'VXNlcjoxMTYzOTAx', 'VXNlcjoxMTk0NTgz', 'VXNlcjoxMjI2MjIy', 'VXNlcjoxMjQyMjA0', 'VXNlcjoxMjg0MzU5', 'VXNlcjoxMjk1ODMz', 'VXNlcjoxMzA3NTY2', 'VXNlcjoxMzQ4MzI2', 'VXNlcjoxMzYwOTQ1', 'VXNlcjoxMzgxNzk5', 'VXNlcjoxMzgxODk1', 'VXNlcjoxMzgyMDE4', 'VXNlcjoxMzkyMTI1']",[]
R3JvdXA6Nzc2OTk1,TEAM.PRODUCT_DESIGN.EMPLOYEE,True,SYNCED,"['VXNlcjo1MjAyNTE=', 'VXNlcjo1NTQxMTU=', 'VXNlcjo1NzI0MzA=', 'VXNlcjo1NzI0NDU=', 'VXNlcjo1NzI0NDY=', 'VXNlcjo1NzI0NTU=', 'VXNlcjo2NTE5MDY=', 'VXNlcjo2ODYyNDA=', 'VXNlcjo3MDE5NTM=', 'VXNlcjo4MzIzOTI=', 'VXNlcjo4NjkxMDc=', 'VXNlcjo5MzM3MDg=', 'VXNlcjo5NDczMzQ=', 'VXNlcjo5NTM3MTY=', 'VXNlcjo5OTg5Mzk=', 'VXNlcjoxMDAwNTI0', 'VXNlcjoxMDYyMDQz', 'VXNlcjoxMjg0MzU3', 'VXNlcjoxMzM0ODIy', 'VXNlcjoxMzQ4NzM0', 'VXNlcjoxMzYwOTQy', 'VXNlcjoxMzc2OTEy', 'VXNlcjoxMzgxOTU5']",[]
R3JvdXA6Nzc2OTk2,TEAM.STRATEGIC_FINANCE.EMPLOYEE,True,SYNCED,"['VXNlcjo1ODczNTc=', 'VXNlcjo2MzM3NjM=', 'VXNlcjo4MzQzMjM=', 'VXNlcjo5NDMwNjI=', 'VXNlcjo5NTAwNTA=', 'VXNlcjo5NTU3ODM=', 'VXNlcjoxMDM4Njgz', 'VXNlcjoxMDU4NDA0', 'VXNlcjoxMTU0MzQ1', 'VXNlcjoxMTU0MzYy', 'VXNlcjoxMTU0Mzc3', 'VXNlcjoxMzE3MTM3', 'VXNlcjoxMzE3OTI0', 'VXNlcjoxMzcyMTE3', 'VXNlcjoxMzkyMTE2']",[]
R3JvdXA6Nzc2OTk3,TEAM.DATA_PLATFORM.EMPLOYEE,True,SYNCED,"['VXNlcjo0NTk5ODc=', 'VXNlcjo0NzMxNzY=', 'VXNlcjo0NzMxNzk=', 'VXNlcjo1MjAyOTc=', 'VXNlcjo1MjAzMDc=', 'VXNlcjo1NjAxMTE=', 'VXNlcjo1OTkzNTg=', 'VXNlcjo2NTcyNDg=', 'VXNlcjo3ODA0NDU=', 'VXNlcjo4Njk3OTM=', 'VXNlcjoxMTUyODAz', 'VXNlcjoxMTkzMjE3']",[]
R3JvdXA6Nzc2OTk4,TEAM.INFO_SECURITY.EMPLOYEE,True,SYNCED,"['VXNlcjozODUwMDI=', 'VXNlcjozOTg1Nzk=', 'VXNlcjozOTg1ODQ=', 'VXNlcjo0MDg0MDY=', 'VXNlcjo0NjY4ODI=', 'VXNlcjo0NzE2MjI=', 'VXNlcjo0ODI0OTI=', 'VXNlcjo1MDkzOTE=', 'VXNlcjo1MjAyNzc=', 'VXNlcjo1MjkyNDk=', 'VXNlcjo1MzQwNDQ=', 'VXNlcjo1MzU2NDA=', 'VXNlcjo1MzU2NjU=', 'VXNlcjo1MzU2NjY=', 'VXNlcjo1MzU2Njc=', 'VXNlcjo1MzU2Njg=', 'VXNlcjo1MzU2Njk=', 'VXNlcjo1MzU2NzA=', 'VXNlcjo1MzU2NzE=', 'VXNlcjo1MzU2NzM=', 'VXNlcjo1MzU2Nzc=', 'VXNlcjo1MzU2Nzg=', 'VXNlcjo1MzU2Nzk=', 'VXNlcjo1NDM1MTA=', 'VXNlcjo2MDA2MzQ=', 'VXNlcjo2MzA4NzM=', 'VXNlcjo2NDE3OTc=', 'VXNlcjo2NDI4OTQ=', 'VXNlcjo2NTE5MzA=', 'VXNlcjo2NjQ0NzE=', 'VXNlcjo2NjY0OTM=', 'VXNlcjo2OTI5OTc=', 'VXNlcjo3MjMxNDE=', 'VXNlcjo3MzU4NzI=', 'VXNlcjo3Nzk5OTM=', 'VXNlcjo4MjYxMzQ=', 'VXNlcjo4Mzk1MzA=', 'VXNlcjo4Mzk1NTc=', 'VXNlcjo4NjMwODQ=', 'VXNlcjo4Njg5MDg=', 'VXNlcjo4OTkwODI=', 'VXNlcjo5MjQ3MzE=', 'VXNlcjo5MzM3NjA=', 'VXNlcjo5NjIxMzg=', 'VXNlcjo5OTEyNjY=', 'VXNlcjo5OTIxNTk=', 'VXNlcjoxMTM2OTEz', 'VXNlcjoxMTM2OTM3', 'VXNlcjoxMTM5MDQ0', 'VXNlcjoxMTUyODA1']","['UmVzb3VyY2U6MzMwNDcwOA==', 'UmVzb3VyY2U6MzQ4NDAxNg==']"
R3JvdXA6Nzc2OTk5,TEAM.CX_PRODUCT_SUPPORT.EMPLOYEE,True,SYNCED,"['VXNlcjo1MjAyNjI=', 'VXNlcjo1Njk5OTM=', 'VXNlcjo2OTkxNTI=', 'VXNlcjo4NDg4NzM=', 'VXNlcjo5NDY4NTE=', 'VXNlcjo5NDY5MDA=', 'VXNlcjo5OTg5NDA=', 'VXNlcjoxMDIwNDI3', 'VXNlcjoxMDIxNTIz', 'VXNlcjoxMDIxNjg3', 'VXNlcjoxMjI2MDY4', 'VXNlcjoxMzcyMTIy', 'VXNlcjoxMzgxNzk2', 'VXNlcjoxMzgxOTY1']",[]
R3JvdXA6Nzc3MDAw,TEAM.BIZ_TECH.EMPLOYEE,True,SYNCED,"['VXNlcjo5OTkwODY=', 'VXNlcjoxMDUwNDI1', 'VXNlcjoxMTI2Nzc1', 'VXNlcjoxMTQ3MDUx', 'VXNlcjoxMTkzMzcz']",[]
R3JvdXA6Nzc3MDAx,TEAM.BUSINESS_OPERATIONS.EMPLOYEE,True,SYNCED,"['VXNlcjo5NTEwNDY=', 'VXNlcjo5NTU4ODU=', 'VXNlcjo5NjIxNjI=', 'VXNlcjoxMTQxNDU1']",[]
R3JvdXA6Nzc3MDAy,TEAM.PRODUCT_MANAGEMENT.EMPLOYEE,True,SYNCED,"['VXNlcjo1MjAxMjQ=', 'VXNlcjo1NDk1OTk=', 'VXNlcjo1NTQ1MDI=', 'VXNlcjo1NTY3NzE=', 'VXNlcjo1NjQ5Mjk=', 'VXNlcjo1Njk0MTg=', 'VXNlcjo1NzI0MzM=', 'VXNlcjo1NzI0Mzc=', 'VXNlcjo1NzI0NTA=', 'VXNlcjo1NzI0NTQ=', 'VXNlcjo1NzI0NjA=', 'VXNlcjo1ODE1MzA=', 'VXNlcjo2NTMxMDI=', 'VXNlcjo2OTc0NDY=', 'VXNlcjo4OTY0NjA=', 'VXNlcjo5MTg2MDM=', 'VXNlcjo5MTk1Mzg=', 'VXNlcjoxMTM5MDUz', 'VXNlcjoxMTU0Mjkx', 'VXNlcjoxMjQyNDQy', 'VXNlcjoxMjYyMzc3', 'VXNlcjoxMzQyNTYx', 'VXNlcjoxMzgxOTYw', 'VXNlcjoxMzgxOTYx', 'VXNlcjoxMzkyMDQ5']",[]
R3JvdXA6Nzc3MDAz,TEAM.EMPLOYMENT_LEGAL.EMPLOYEE,True,SYNCED,"['VXNlcjo3MzA0NjQ=', 'VXNlcjo3Mzc1OTA=', 'VXNlcjoxMTU0Mzc0']",[]
R3JvdXA6Nzc3MDA0,TEAM.AI.EMPLOYEE,True,SYNCED,"['VXNlcjo0NTk5ODc=', 'VXNlcjo0NzMxNzY=', 'VXNlcjo0NzMxNzk=', 'VXNlcjo0NzMxOTk=', 'VXNlcjo0NzMyODI=', 'VXNlcjo0NzMyODU=', 'VXNlcjo0NzMyODY=', 'VXNlcjo0NzMyODg=', 'VXNlcjo0NzMyOTA=', 'VXNlcjo0NzMyOTE=', 'VXNlcjo0NzMyOTI=', 'VXNlcjo1MTgyNzk=', 'VXNlcjo1MjAyNzA=', 'VXNlcjo1MjAyNzI=', 'VXNlcjo1MjAyOTc=', 'VXNlcjo1MjAzMDc=', 'VXNlcjo1MjAzNDA=', 'VXNlcjo1MjAzODE=', 'VXNlcjo1MjAzODM=', 'VXNlcjo1MjA0MDc=', 'VXNlcjo1MjA0MTI=', 'VXNlcjo1MjA0MjQ=', 'VXNlcjo1NTY1NjQ=', 'VXNlcjo1NjAxMTE=', 'VXNlcjo1NzI0Njc=', 'VXNlcjo1NzI0ODI=', 'VXNlcjo1ODE0NDA=', 'VXNlcjo1ODk5MDQ=', 'VXNlcjo1OTc4MzI=', 'VXNlcjo1OTkzNTg=', 'VXNlcjo2MDM2NjA=', 'VXNlcjo2NTcyNDQ=', 'VXNlcjo2NTcyNDg=', 'VXNlcjo2ODQzNjY=', 'VXNlcjo2ODYyMzQ=', 'VXNlcjo2ODYzOTI=', 'VXNlcjo3Njk1MjY=', 'VXNlcjo3Njk2MzQ=', 'VXNlcjo3ODA0NDU=', 'VXNlcjo4MzQ4NzM=', 'VXNlcjo4NjUzMDU=', 'VXNlcjo4NjcwMDQ=', 'VXNlcjo4NjcwNjE=', 'VXNlcjo4Njk3OTM=', 'VXNlcjo5MDY3ODU=', 'VXNlcjo5MTkxMDc=', 'VXNlcjo5MjA1NjM=', 'VXNlcjo5MzM0Njc=', 'VXNlcjo5NjAwNTg=', 'VXNlcjo5OTE5NDE=']",[]
R3JvdXA6Nzc3MDA1,TEAM.CORPORATE_LEGAL.EMPLOYEE,True,SYNCED,"['VXNlcjoxMTU0MjU0', 'VXNlcjoxMTU0MzQ3', 'VXNlcjoxMTU0Mzgx', 'VXNlcjoxMzE3OTI3']",[]
R3JvdXA6Nzc3MDA2,TEAM.CREATIVE_STUDIO.EMPLOYEE,True,SYNCED,"['VXNlcjoxMDI5NDM0', 'VXNlcjoxMDI5NDM1', 'VXNlcjoxMDM4NTYw', 'VXNlcjoxMDM4NTYy']",[]
R3JvdXA6Nzc3MDA3,TEAM.GROWTH_MARKETING.EMPLOYEE,True,SYNCED,"['VXNlcjo1OTc4MzY=', 'VXNlcjo1OTkyNzg=', 'VXNlcjo3NjQwMDE=', 'VXNlcjo5Mzk2ODc=', 'VXNlcjoxMDEyMTQw', 'VXNlcjoxMDM4NzU4', 'VXNlcjoxMTM5MDQ5', 'VXNlcjoxMTQwMjE0', 'VXNlcjoxMTQ3MTIx', 'VXNlcjoxMTU0MjUy', 'VXNlcjoxMTU0MzUw', 'VXNlcjoxMTU0MzY1', 'VXNlcjoxMTU0Mzk0', 'VXNlcjoxMTU0Mzk5', 'VXNlcjoxMzA3NTYw']",[]
R3JvdXA6Nzc3MDA4,TEAM.PEOPLE_PARTNER.EMPLOYEE,True,SYNCED,"['VXNlcjoxMTU0MjYx', 'VXNlcjoxMTU0Mjk4', 'VXNlcjoxMTU0MzA2', 'VXNlcjoxMTU0MzA4', 'VXNlcjoxMTU0MzIy', 'VXNlcjoxMTU0MzUx', 'VXNlcjoxMjU1NDY4', 'VXNlcjoxMjg0MzUz', 'VXNlcjoxMzQ4NzM3', 'VXNlcjoxMzkyMTE4']",[]
R3JvdXA6Nzc3MDA5,TEAM.CORPORATE_DEVELOPMENT.EMPLOYEE,True,SYNCED,"['VXNlcjoxMTU0MzQw', 'VXNlcjoxMTU0Mzcy']",[]
R3JvdXA6Nzc3MDEw,TEAM.WORKFLOWS.EMPLOYEE,True,SYNCED,[],[]
R3JvdXA6Nzc3MDEx,TEAM.WORKPLACE.EMPLOYEE,True,SYNCED,"['VXNlcjoxMTU0MjQ4', 'VXNlcjoxMTU0MjYw', 'VXNlcjoxMTU0Mjc4', 'VXNlcjoxMTU0Mjgx', 'VXNlcjoxMTU0Mjkz', 'VXNlcjoxMTU0Mjk2', 'VXNlcjoxMTU0MzEx', 'VXNlcjoxMTU0MzE3', 'VXNlcjoxMTU0MzYw', 'VXNlcjoxMTU0Mzkw', 'VXNlcjoxMTYzOTA3', 'VXNlcjoxMTcxNzEw', 'VXNlcjoxMTkzMzY3', 'VXNlcjoxMjI2MjE3', 'VXNlcjoxMjQyNDQ0']",[]
R3JvdXA6Nzc3MDEy,TEAM.FINANCE.EMPLOYEE,True,SYNCED,"['VXNlcjoxMDU4MjU0', 'VXNlcjoxMTU0MjU1', 'VXNlcjoxMTU0MjU5', 'VXNlcjoxMzM0ODMx']",[]
R3JvdXA6Nzc3MDEz,TEAM.EXECUTIVE_OPERATIONS_SALES.EMPLOYEE,True,SYNCED,"['VXNlcjo2OTQzNDk=', 'VXNlcjo2OTQzNjg=', 'VXNlcjoxMzQ3Nzk4']",[]
R3JvdXA6Nzc3MDE0,TEAM.SCALE_ENGINEERING.EMPLOYEE,True,SYNCED,[],[]
R3JvdXA6Nzc3MDE1,TEAM.PRODUCT_FOUNDATIONS.EMPLOYEE,True,SYNCED,"['VXNlcjo0MzY1MDY=', 'VXNlcjo0ODI0ODY=', 'VXNlcjo0ODI0ODg=', 'VXNlcjo0ODI0OTA=', 'VXNlcjo0ODI0OTE=', 'VXNlcjo0ODgzMzE=', 'VXNlcjo1MjAyMjI=', 'VXNlcjo1MjAyNzE=', 'VXNlcjo1MjAyNzQ=', 'VXNlcjo1MjAyNzg=', 'VXNlcjo1MjAyODE=', 'VXNlcjo1MjAyODM=', 'VXNlcjo1MjAyODY=', 'VXNlcjo1MjAyOTM=', 'VXNlcjo1MjAyOTY=', 'VXNlcjo1MjAzMDk=', 'VXNlcjo1MjAzMTM=', 'VXNlcjo1MjAzMzU=', 'VXNlcjo1MjAzMzY=', 'VXNlcjo1MjAzNDk=', 'VXNlcjo1MjAzNTg=', 'VXNlcjo1MjAzNjA=', 'VXNlcjo1MjAzNzI=', 'VXNlcjo1MjAzNzM=', 'VXNlcjo1MjAzODg=', 'VXNlcjo1MjAzOTA=', 'VXNlcjo1MjAzOTM=', 'VXNlcjo1MjAzOTg=', 'VXNlcjo1MjA0MDA=', 'VXNlcjo1MjA0MDU=', 'VXNlcjo1MjA0MDY=', 'VXNlcjo1MjA0MDg=', 'VXNlcjo1MjA0MjM=', 'VXNlcjo1ODU5ODM=', 'VXNlcjo1OTAzMTE=', 'VXNlcjo2MTIzMDI=', 'VXNlcjo2MTMwMjY=', 'VXNlcjo2NDE4NzM=', 'VXNlcjo2NDQ5OTI=', 'VXNlcjo2NTE5MzU=', 'VXNlcjo2NTMyMTM=', 'VXNlcjo3MDE5NzU=', 'VXNlcjo3MDQ3Nzg=', 'VXNlcjo3MTc1Mzk=', 'VXNlcjo3NDA0ODA=', 'VXNlcjo3Njk1NTU=', 'VXNlcjo3Nzk5Njg=', 'VXNlcjo4NDg3MDY=', 'VXNlcjo4NjIzMDU=', 'VXNlcjo4NzAzNjE=']",[]
R3JvdXA6Nzc3MDE2,TEAM.DEVELOPER_EXPERIENCE.EMPLOYEE,True,SYNCED,[],"['UmVzb3VyY2U6MjQxMzYxNQ==', 'UmVzb3VyY2U6MjQ3MTQxOQ==', 'UmVzb3VyY2U6MzQ4NDA0NQ==', 'UmVzb3VyY2U6MzQ4NDA1NQ==']"
R3JvdXA6Nzc3MDE3,TEAM.PROFESSIONAL_SERVICES.EMPLOYEE,True,SYNCED,"['VXNlcjo1Mzg3Mzg=', 'VXNlcjo1Njg5OTQ=', 'VXNlcjo2MjE1MTk=', 'VXNlcjo2OTQzNDU=', 'VXNlcjo2OTQzNDg=', 'VXNlcjo2OTQzODA=', 'VXNlcjo2OTkxODY=', 'VXNlcjo4ODAwMzM=', 'VXNlcjo4ODYwOTM=', 'VXNlcjo4ODYyNjg=', 'VXNlcjo4OTAxNTI=', 'VXNlcjo4OTY5ODc=', 'VXNlcjo5MjQ3MjM=', 'VXNlcjoxMDQ1MDk4', 'VXNlcjoxMTUzNjQ4', 'VXNlcjoxMTU3MDUw', 'VXNlcjoxMTU4NTc0', 'VXNlcjoxMjI2MDU4', 'VXNlcjoxMjg0MzU0', 'VXNlcjoxMzA3Mzg0', 'VXNlcjoxMzA3Mzg1', 'VXNlcjoxMzE3Nzgz', 'VXNlcjoxMzI4Mjgy', 'VXNlcjoxMzcyMTIx', 'VXNlcjoxMzgyMDE5', 'VXNlcjoxMzkyMDUy']",[]
R3JvdXA6Nzc3MDE4,TEAM.CHIEF_OF_STAFF_MARKETING.EMPLOYEE,True,SYNCED,[],[]
R3JvdXA6Nzc3MDE5,TEAM.CUSTOMER_SUCCESS.EMPLOYEE,True,SYNCED,"['VXNlcjo1NjUyODk=', 'VXNlcjo1Njk0NjM=', 'VXNlcjo1NzkxMDQ=', 'VXNlcjo1ODcyMTA=', 'VXNlcjo1ODcyMTE=', 'VXNlcjo1ODk4MTk=', 'VXNlcjo1OTc4MzU=', 'VXNlcjo2MDM3MTQ=', 'VXNlcjo2NDMyMzk=', 'VXNlcjo2NDQzMDY=', 'VXNlcjo2NTEwOTU=', 'VXNlcjo2NTExMDI=', 'VXNlcjo2NTMwOTY=', 'VXNlcjo2NjY1NTk=', 'VXNlcjo2OTQzOTI=', 'VXNlcjo2OTQzOTc=', 'VXNlcjo2OTczODM=', 'VXNlcjo3NTAxODg=', 'VXNlcjo4NDg4NzY=', 'VXNlcjo4NjE2OTQ=', 'VXNlcjo4NjIyMzc=', 'VXNlcjo4NjkyNjA=', 'VXNlcjo4ODAwMzk=', 'VXNlcjo5MDAwNTA=', 'VXNlcjo5MTM2Njg=', 'VXNlcjo5MTk0NTU=', 'VXNlcjo5MjA0MTc=', 'VXNlcjo5MjQ2NjQ=', 'VXNlcjo5NDc1MDc=', 'VXNlcjo5NTM1NTA=', 'VXNlcjo5OTE5NDA=', 'VXNlcjo5OTQzOTc=', 'VXNlcjoxMDAwNTc1', 'VXNlcjoxMDAyNTAy', 'VXNlcjoxMDEyMjQ2', 'VXNlcjoxMDI4OTYy', 'VXNlcjoxMTU0NDEy', 'VXNlcjoxMTYzOTA4', 'VXNlcjoxMTk0NTQx', 'VXNlcjoxMTk0NTkw', 'VXNlcjoxMjI2MjI0', 'VXNlcjoxMjg0MzA3', 'VXNlcjoxMzE3ODQy', 'VXNlcjoxMzI4MTk5', 'VXNlcjoxMzQ3ODAw', 'VXNlcjoxMzQ3ODAx', 'VXNlcjoxMzQ4MzIz', 'VXNlcjoxMzYxMDU3']",[]
R3JvdXA6Nzc3MDIw,TEAM.GTM.EMPLOYEE,True,SYNCED,"['VXNlcjo2OTQzNDA=', 'VXNlcjoxMDExNzg2', 'VXNlcjoxMjg0NDY3']",[]
R3JvdXA6Nzc3MDIx,TEAM.RESEARCH.EMPLOYEE,True,SYNCED,"['VXNlcjo1Njg4Njk=', 'VXNlcjo1Njk0NTU=', 'VXNlcjo1NzI0Mjc=', 'VXNlcjo1NzI0Mjk=', 'VXNlcjo1NzI0MzY=', 'VXNlcjo1NzI0NDg=', 'VXNlcjo1NzI0NTk=', 'VXNlcjo4NDg4MjA=', 'VXNlcjo4NDkzMzQ=', 'VXNlcjo5MDY4NjY=', 'VXNlcjo5NTA2OTk=', 'VXNlcjo5OTUzMjQ=', 'VXNlcjoxMDYyMDQ1', 'VXNlcjoxMDYyMDQ3', 'VXNlcjoxMTM5MDEw', 'VXNlcjoxMzM0NjY3', 'VXNlcjoxMzYxMDUz']",[]
R3JvdXA6Nzc3MDIy,TEAM.SOLUTIONS_ENGINEERING.EMPLOYEE,True,SYNCED,"['VXNlcjo1MjAyNDM=', 'VXNlcjo1NTMzMTU=', 'VXNlcjo1NjkwMjQ=', 'VXNlcjo1ODkwODU=', 'VXNlcjo1OTcxODk=', 'VXNlcjo1OTc4MzM=', 'VXNlcjo2MDE2MjY=', 'VXNlcjo2NzI2NzM=', 'VXNlcjo2OTQzNDY=', 'VXNlcjo2OTQzNTI=', 'VXNlcjo2OTQzNTQ=', 'VXNlcjo2OTQzNjE=', 'VXNlcjo2OTQzNzA=', 'VXNlcjo2OTQzNzI=', 'VXNlcjo3MjMxMDU=', 'VXNlcjo4ODAxMDI=', 'VXNlcjo5MTYxMzk=', 'VXNlcjo5MjA0MzQ=', 'VXNlcjo5MjA4MjQ=', 'VXNlcjo5MjA5MjA=', 'VXNlcjo5MjI0NzU=', 'VXNlcjo5NDcwMjU=', 'VXNlcjo5NjY1MzI=', 'VXNlcjo5OTcyNzA=', 'VXNlcjoxMDIwNDc5', 'VXNlcjoxMDIxOTEx', 'VXNlcjoxMTM5MDA4', 'VXNlcjoxMTM5MDU5', 'VXNlcjoxMTM5MDY2', 'VXNlcjoxMTM5MDY3', 'VXNlcjoxMTM5MDc4', 'VXNlcjoxMTUxMjQ5', 'VXNlcjoxMTczMDQx', 'VXNlcjoxMjg0MzA5', 'VXNlcjoxMjg0NDY2', 'VXNlcjoxMzA3Mzgy', 'VXNlcjoxMzE3Nzc3', 'VXNlcjoxMzE3Nzgw', 'VXNlcjoxMzE3Nzgx', 'VXNlcjoxMzM0NjA2', 'VXNlcjoxMzQ4NzQ2', 'VXNlcjoxMzQ5MTM1', 'VXNlcjoxMzYwODYw']",[]
R3JvdXA6Nzc3MDIz,TEAM.SALES.EMPLOYEE,True,SYNCED,"['VXNlcjo2OTQzNDQ=', 'VXNlcjo2OTQzNTM=', 'VXNlcjo2OTQzNTc=', 'VXNlcjo2OTQzNTk=', 'VXNlcjo2OTQzNjA=', 'VXNlcjo2OTQzNzQ=', 'VXNlcjo2OTQzNzU=', 'VXNlcjo2OTQzODU=', 'VXNlcjo2OTQzOTU=', 'VXNlcjo4NTIyNTM=', 'VXNlcjoxMTUzNjM2', 'VXNlcjoxMTYzOTAy', 'VXNlcjoxMTcxNzAz', 'VXNlcjoxMTc5OTIw', 'VXNlcjoxMjQyMjAz', 'VXNlcjoxMjg0MzYw', 'VXNlcjoxMzA3NTY3', 'VXNlcjoxMzYwODQ4', 'VXNlcjoxMzcxOTg0']",[]
R3JvdXA6Nzc3MDI0,TEAM.RELATIONSHIP_MGMT.EMPLOYEE,True,SYNCED,"['VXNlcjo1NTk0Nzk=', 'VXNlcjo1Njg4NTE=', 'VXNlcjo1Njk0MTc=', 'VXNlcjo1NzUzNDk=', 'VXNlcjo2MzQ0OTk=', 'VXNlcjo2OTQzNDc=', 'VXNlcjo3ODA1NDg=', 'VXNlcjo4NTEzNzE=', 'VXNlcjo5NDczMTY=', 'VXNlcjo5NTEzNTU=', 'VXNlcjoxMDUwNDI4', 'VXNlcjoxMTM5MDcz', 'VXNlcjoxMTM5MDc3', 'VXNlcjoxMTczMDQy', 'VXNlcjoxMzcxODk5', 'VXNlcjoxMzkxOTEx']",[]
R3JvdXA6Nzc3MDI1,TEAM.LEGAL.EMPLOYEE,True,SYNCED,"['VXNlcjoxMTU0MzEw', 'VXNlcjoxMTU0Mzcz', 'VXNlcjoxMTU0Mzk4', 'VXNlcjoxMjYyMTk1', 'VXNlcjoxMzkyMTE3']",[]
R3JvdXA6Nzc3MDI2,TEAM.BRAND_AND_CREATIVE.EMPLOYEE,True,SYNCED,"['VXNlcjo1NTAzOTg=', 'VXNlcjo2NTEwOTA=', 'VXNlcjo2NjA5MDk=', 'VXNlcjo2NjQ0MzI=', 'VXNlcjo4NDM0ODc=', 'VXNlcjo4NDYyOTg=', 'VXNlcjo4NDg2OTQ=', 'VXNlcjo5Njg1NTg=', 'VXNlcjoxMDI5NDMz', 'VXNlcjoxMDM4NTU5', 'VXNlcjoxMTU0Mjkw', 'VXNlcjoxMTU0Mjk0', 'VXNlcjoxMTU0NDA4', 'VXNlcjoxMTU4ODA5', 'VXNlcjoxMjQyNDQx']",[]
R3JvdXA6Nzc3MDI3,TEAM.PEOPLE.EMPLOYEE,True,SYNCED,"['VXNlcjoxMTU0MzM0', 'VXNlcjoxMTU0MzY0', 'VXNlcjoxMTU0Mzc1', 'VXNlcjoxMjYyMzc5', 'VXNlcjoxMjYyMzgz', 'VXNlcjoxMzI4Mzk4']",[]
R3JvdXA6Nzc3MDI4,TEAM.GLOBAL_STORYTELLING.EMPLOYEE,True,SYNCED,"['VXNlcjo2OTY3Mzc=', 'VXNlcjoxMTM5MDUx', 'VXNlcjoxMTM5MDUy', 'VXNlcjoxMjAwNTgz', 'VXNlcjoxMjg0NDYy', 'VXNlcjoxMzE5NTIw', 'VXNlcjoxMzI5NTAx', 'VXNlcjoxMzQ3ODU0']",[]
R3JvdXA6Nzc3MDMw,FUNCTION.EPD.CONTINGENT,True,SYNCED,"['VXNlcjo1NTY3Njk=', 'VXNlcjo1OTc4MzQ=', 'VXNlcjo2MDg4ODU=', 'VXNlcjo2MDg4ODk=', 'VXNlcjo2MDg4OTg=', 'VXNlcjo3Njc5MzI=', 'VXNlcjoxMTMyMDIw', 'VXNlcjoxMTU0MDM2', 'VXNlcjoxMTU0MDM4', 'VXNlcjoxMTU0MDUz', 'VXNlcjoxMTU0MDg0', 'VXNlcjoxMTU0MDk0', 'VXNlcjoxMTU0MTA4', 'VXNlcjoxMTU0MTE1', 'VXNlcjoxMTU0MTE2', 'VXNlcjoxMTU0MTMz', 'VXNlcjoxMTU0MTM4', 'VXNlcjoxMTU0MTM5', 'VXNlcjoxMTU0MTQ3', 'VXNlcjoxMTU0MTc4', 'VXNlcjoxMTU0MTc5', 'VXNlcjoxMTU0MTgw', 'VXNlcjoxMTU0MTkz', 'VXNlcjoxMTU0MjE5', 'VXNlcjoxMTU0MjI1', 'VXNlcjoxMTU0MjI3', 'VXNlcjoxMTU0MjI4', 'VXNlcjoxMTU0MjMw', 'VXNlcjoxMTU5NzQ0', 'VXNlcjoxMTU5NzQ2', 'VXNlcjoxMTU5ODE1', 'VXNlcjoxMTgzMjA5', 'VXNlcjoxMjA0ODIy', 'VXNlcjoxMjI2MjEx', 'VXNlcjoxMjI2MjE0', 'VXNlcjoxMjkwNDk0', 'VXNlcjoxMzE3OTE5', 'VXNlcjoxMzE3OTIw', 'VXNlcjoxMzE3OTIx', 'VXNlcjoxMzE4NTI5', 'VXNlcjoxMzI4Mzkx', 'VXNlcjoxMzQyMzY5', 'VXNlcjoxMzQyNTYw', 'VXNlcjoxMzQ4MDIz', 'VXNlcjoxMzQ4MDI1', 'VXNlcjoxMzUyMDMx', 'VXNlcjoxMzYwODU4', 'VXNlcjoxMzY2NTk1', 'VXNlcjoxMzY2NTk2', 'VXNlcjoxMzY2NjYy']",[]
R3JvdXA6Nzc3MDMx,FUNCTION.FDN.CONTINGENT,True,SYNCED,"['VXNlcjoxMTQ2OTkz', 'VXNlcjoxMTU0MDMz', 'VXNlcjoxMTU0MDcw', 'VXNlcjoxMTU0MjA3', 'VXNlcjoxMTU0MjA4', 'VXNlcjoxMTYwNzc4', 'VXNlcjoxMTYwNzk2', 'VXNlcjoxMTY2OTI3', 'VXNlcjoxMTY2OTI5', 'VXNlcjoxMjI2MjEy', 'VXNlcjoxMjI2MjEz', 'VXNlcjoxMjI2MjE1', 'VXNlcjoxMjI2MjE2', 'VXNlcjoxMjMyNDAx', 'VXNlcjoxMjMyNDAy', 'VXNlcjoxMjk1OTg2', 'VXNlcjoxMzEyMzQ1', 'VXNlcjoxMzEyNTE5', 'VXNlcjoxMzQ4MDI0', 'VXNlcjoxMzYxMDQ3', 'VXNlcjoxMzcyMTEz', 'VXNlcjoxMzgyMDE3', 'VXNlcjoxMzg3NTY2']",[]
R3JvdXA6Nzc3MDMy,DEPARTMENT.ENGINEERING.CONTINGENT,True,SYNCED,"['VXNlcjo2MDg4ODU=', 'VXNlcjo2MDg4ODk=', 'VXNlcjo2MDg4OTg=', 'VXNlcjoxMTMyMDIw', 'VXNlcjoxMTU0MDM2', 'VXNlcjoxMTU0MDM4', 'VXNlcjoxMTU0MDUz', 'VXNlcjoxMTU0MDg0', 'VXNlcjoxMTU0MDk0', 'VXNlcjoxMTU0MTA4', 'VXNlcjoxMTU0MTE1', 'VXNlcjoxMTU0MTE2', 'VXNlcjoxMTU0MTMz', 'VXNlcjoxMTU0MTM4', 'VXNlcjoxMTU0MTM5', 'VXNlcjoxMTU0MTQ3', 'VXNlcjoxMTU0MTgw', 'VXNlcjoxMTU0MjE5', 'VXNlcjoxMTU0MjI3', 'VXNlcjoxMTU5NzQ0', 'VXNlcjoxMTU5NzQ2', 'VXNlcjoxMTU5ODE1', 'VXNlcjoxMTgzMjA5', 'VXNlcjoxMjA0ODIy', 'VXNlcjoxMjkwNDk0', 'VXNlcjoxMzE4NTI5', 'VXNlcjoxMzI4Mzkx', 'VXNlcjoxMzQ4MDIz', 'VXNlcjoxMzY2NTk1', 'VXNlcjoxMzY2ODM3', 'VXNlcjoxMzY2ODM4', 'VXNlcjoxMzgxOTU4', 'VXNlcjoxMzkyMTE1']",[]
R3JvdXA6Nzc3MDMz,FUNCTION.GTM.CONTINGENT,True,SYNCED,"['VXNlcjo2MDg4ODI=', 'VXNlcjo2MjY4Mjc=', 'VXNlcjo2MjY4MzA=', 'VXNlcjo2MjY4MzE=', 'VXNlcjo2NTI0MDA=', 'VXNlcjo2NTI0MDI=', 'VXNlcjo2NTI0MDM=', 'VXNlcjo2NTI0MDQ=', 'VXNlcjo2NTI0MDY=', 'VXNlcjo2NTI0MDk=', 'VXNlcjo2NTI0MTA=', 'VXNlcjo2NTI0MTI=', 'VXNlcjo2NTI0MTY=', 'VXNlcjo2NTI0MTc=', 'VXNlcjo2NTI0MTk=', 'VXNlcjo2NTI0MjE=', 'VXNlcjo2NTI0MjI=', 'VXNlcjo2NTI0MjM=', 'VXNlcjo2NTI0Mjc=', 'VXNlcjo2NTI0Mjk=', 'VXNlcjo2NTI0MzE=', 'VXNlcjo2NTI0MzM=', 'VXNlcjo2NTI0MzU=', 'VXNlcjo2NTI0MzY=', 'VXNlcjo2NTI0Mzc=', 'VXNlcjo2NTI0Mzk=', 'VXNlcjo2NTI0NDE=', 'VXNlcjo2NTI0NDc=', 'VXNlcjo2NTI0NDk=', 'VXNlcjo2NTI0NTA=', 'VXNlcjo2NTI0NTI=', 'VXNlcjo2NTI0NTM=', 'VXNlcjo2NTI0NTg=', 'VXNlcjo2NTI0NjA=', 'VXNlcjo2NTI0NjE=', 'VXNlcjo2NTI0NzQ=', 'VXNlcjo2NTI0Nzk=', 'VXNlcjo2NTI0OTE=', 'VXNlcjo2NTI0OTQ=', 'VXNlcjo2NTI0OTk=', 'VXNlcjo2NTI1MDg=', 'VXNlcjo2NTI1MTA=', 'VXNlcjo2NTI1MTI=', 'VXNlcjo2NTI1MTQ=', 'VXNlcjo2NTI1MTY=', 'VXNlcjo2NTI1MTc=', 'VXNlcjo2NTI1MjI=', 'VXNlcjo2ODY0Nzk=', 'VXNlcjo2OTQ3NzU=', 'VXNlcjo3MTgzNDc=']",[]
R3JvdXA6Nzc3MDM0,DEPARTMENT.LEGAL.CONTINGENT,True,SYNCED,"['VXNlcjoxMTU0MDMz', 'VXNlcjoxMTU0MjA3', 'VXNlcjoxMTYwNzc4', 'VXNlcjoxMzQ4MDI0']",[]
R3JvdXA6Nzc3MDM1,DEPARTMENT.SALES.CONTINGENT,True,SYNCED,"['VXNlcjo2MDg4ODI=', 'VXNlcjoxMTU0MDQ2', 'VXNlcjoxMTU0MDU0', 'VXNlcjoxMTU0MDU1', 'VXNlcjoxMTU0MDYx', 'VXNlcjoxMTU0MDYz', 'VXNlcjoxMTU0MDY2', 'VXNlcjoxMTU0MDY3', 'VXNlcjoxMTU0MDgw', 'VXNlcjoxMTU0MDk2', 'VXNlcjoxMTU0MTIz', 'VXNlcjoxMTU0MTI2', 'VXNlcjoxMTU0MTY1', 'VXNlcjoxMTU0MTY2', 'VXNlcjoxMTU2NDM4', 'VXNlcjoxMTkyMzU3', 'VXNlcjoxMTk2MjIy', 'VXNlcjoxMTk2MjIz', 'VXNlcjoxMjQyMjAw', 'VXNlcjoxMzIyODE1', 'VXNlcjoxMzI4Mzky', 'VXNlcjoxMzM2MTIz', 'VXNlcjoxMzkxMDQ2', 'VXNlcjoxMzk1NTIx', 'VXNlcjoxMzk1NTIy']",[]
R3JvdXA6Nzc3MDM2,USERTYPE.CONTINGENT,True,SYNCED,"['VXNlcjozODQ5ODA=', 'VXNlcjozODQ5ODY=', 'VXNlcjozODQ5ODc=', 'VXNlcjo1NTY3Njk=', 'VXNlcjo1OTc4MzQ=', 'VXNlcjo1OTc4Mzg=', 'VXNlcjo2MDg4ODI=', 'VXNlcjo2MDg4ODU=', 'VXNlcjo2MDg4ODk=', 'VXNlcjo2MDg4OTg=', 'VXNlcjo2NjE3NTQ=', 'VXNlcjo3Njc5MzI=', 'VXNlcjo3NzQ2Mjg=', 'VXNlcjo5NDM5NDM=', 'VXNlcjo5NDM5NDU=', 'VXNlcjo5NTIzNTE=', 'VXNlcjoxMTI2Njg3', 'VXNlcjoxMTMyMDIw', 'VXNlcjoxMTQyNzkw', 'VXNlcjoxMTQ2OTkz', 'VXNlcjoxMTU0MDMy', 'VXNlcjoxMTU0MDMz', 'VXNlcjoxMTU0MDM0', 'VXNlcjoxMTU0MDM1', 'VXNlcjoxMTU0MDM2', 'VXNlcjoxMTU0MDM3', 'VXNlcjoxMTU0MDM4', 'VXNlcjoxMTU0MDQx', 'VXNlcjoxMTU0MDQ2', 'VXNlcjoxMTU0MDQ4', 'VXNlcjoxMTU0MDQ5', 'VXNlcjoxMTU0MDUw', 'VXNlcjoxMTU0MDUx', 'VXNlcjoxMTU0MDUz', 'VXNlcjoxMTU0MDU0', 'VXNlcjoxMTU0MDU1', 'VXNlcjoxMTU0MDU2', 'VXNlcjoxMTU0MDU3', 'VXNlcjoxMTU0MDU4', 'VXNlcjoxMTU0MDYx', 'VXNlcjoxMTU0MDYz', 'VXNlcjoxMTU0MDY0', 'VXNlcjoxMTU0MDY2', 'VXNlcjoxMTU0MDY3', 'VXNlcjoxMTU0MDY5', 'VXNlcjoxMTU0MDcw', 'VXNlcjoxMTU0MDcy', 'VXNlcjoxMTU0MDcz', 'VXNlcjoxMTU0MDc0', 'VXNlcjoxMTU0MDc1']","['UmVzb3VyY2U6MzU3OTc2NQ==', 'UmVzb3VyY2U6MzU4NTg3MA==']"
R3JvdXA6Nzc3MDM3,DEPARTMENT.MARKETING.CONTINGENT,True,SYNCED,"['VXNlcjo5NTIzNTE=', 'VXNlcjoxMTI2Njg3', 'VXNlcjoxMTU0MDMy', 'VXNlcjoxMTU0MDM3', 'VXNlcjoxMTU0MDQx', 'VXNlcjoxMTU0MDQ4', 'VXNlcjoxMTU0MDQ5', 'VXNlcjoxMTU0MDUw', 'VXNlcjoxMTU0MDUx', 'VXNlcjoxMTU0MDU3', 'VXNlcjoxMTU0MDY0', 'VXNlcjoxMTU0MDY5', 'VXNlcjoxMTU0MDcz', 'VXNlcjoxMTU0MDg5', 'VXNlcjoxMTU0MDkw', 'VXNlcjoxMTU0MDky', 'VXNlcjoxMTU0MDk1', 'VXNlcjoxMTU0MTEw', 'VXNlcjoxMTU0MTEy', 'VXNlcjoxMTU0MTM0', 'VXNlcjoxMTU0MTM1', 'VXNlcjoxMTU0MTQw', 'VXNlcjoxMTU0MTU0', 'VXNlcjoxMTU0MTg0', 'VXNlcjoxMTU0MTg4', 'VXNlcjoxMTU0MTg5', 'VXNlcjoxMTU0MTk5', 'VXNlcjoxMTU0Mzc2', 'VXNlcjoxMTU0Mzgy', 'VXNlcjoxMTY1ODk4', 'VXNlcjoxMjA0ODIz', 'VXNlcjoxMjMyOTEw', 'VXNlcjoxMjYyMTk0', 'VXNlcjoxMjg4NjE3', 'VXNlcjoxMzA3Mzc1', 'VXNlcjoxMzEyNTE3', 'VXNlcjoxMzIyODE0', 'VXNlcjoxMzI4MTk1', 'VXNlcjoxMzQ3Nzg4', 'VXNlcjoxMzUwNTM2', 'VXNlcjoxMzkyMDQ0']",[]
R3JvdXA6Nzc3MDM4,DEPARTMENT.PEOPLE.CONTINGENT,True,SYNCED,"['VXNlcjoxMTU0MjA4', 'VXNlcjoxMjI2MjEy', 'VXNlcjoxMjI2MjEz', 'VXNlcjoxMjI2MjE1', 'VXNlcjoxMjI2MjE2', 'VXNlcjoxMjMyNDAx', 'VXNlcjoxMjMyNDAy']",[]
R3JvdXA6Nzc3MDM5,DEPARTMENT.FINANCE.CONTINGENT,True,SYNCED,"['VXNlcjoxMTQ2OTkz', 'VXNlcjoxMTU0MDcw', 'VXNlcjoxMTYwNzk2', 'VXNlcjoxMTY2OTI3', 'VXNlcjoxMTY2OTI5', 'VXNlcjoxMjk1OTg2', 'VXNlcjoxMzEyMzQ1', 'VXNlcjoxMzEyNTE5', 'VXNlcjoxMzYxMDQ3', 'VXNlcjoxMzcyMTEz', 'VXNlcjoxMzgyMDE3', 'VXNlcjoxMzg3NTY2']",[]
R3JvdXA6Nzc3MDQw,DEPARTMENT.EXECUTIVE.CONTINGENT,True,SYNCED,[],[]
R3JvdXA6Nzc3MDQx,DEPARTMENT.CX.CONTINGENT,True,SYNCED,"['VXNlcjo2MjY4Mjc=', 'VXNlcjo2MjY4MzA=', 'VXNlcjo2MjY4MzE=', 'VXNlcjo2NTI0MDA=', 'VXNlcjo2NTI0MDI=', 'VXNlcjo2NTI0MDM=', 'VXNlcjo2NTI0MDQ=', 'VXNlcjo2NTI0MDY=', 'VXNlcjo2NTI0MDk=', 'VXNlcjo2NTI0MTA=', 'VXNlcjo2NTI0MTI=', 'VXNlcjo2NTI0MTY=', 'VXNlcjo2NTI0MTc=', 'VXNlcjo2NTI0MTk=', 'VXNlcjo2NTI0MjE=', 'VXNlcjo2NTI0MjI=', 'VXNlcjo2NTI0MjM=', 'VXNlcjo2NTI0Mjc=', 'VXNlcjo2NTI0Mjk=', 'VXNlcjo2NTI0MzE=', 'VXNlcjo2NTI0MzM=', 'VXNlcjo2NTI0MzU=', 'VXNlcjo2NTI0MzY=', 'VXNlcjo2NTI0Mzc=', 'VXNlcjo2NTI0Mzk=', 'VXNlcjo2NTI0NDE=', 'VXNlcjo2NTI0NDc=', 'VXNlcjo2NTI0NDk=', 'VXNlcjo2NTI0NTA=', 'VXNlcjo2NTI0NTI=', 'VXNlcjo2NTI0NTM=', 'VXNlcjo2NTI0NTg=', 'VXNlcjo2NTI0NjA=', 'VXNlcjo2NTI0NjE=', 'VXNlcjo2NTI0NzQ=', 'VXNlcjo2NTI0Nzk=', 'VXNlcjo2NTI0OTE=', 'VXNlcjo2NTI0OTQ=', 'VXNlcjo2NTI0OTk=', 'VXNlcjo2NTI1MDg=', 'VXNlcjo2NTI1MTA=', 'VXNlcjo2NTI1MTI=', 'VXNlcjo2NTI1MTQ=', 'VXNlcjo2NTI1MTY=', 'VXNlcjo2NTI1MTc=', 'VXNlcjo2NTI1MjI=', 'VXNlcjo2ODY0Nzk=', 'VXNlcjo2OTQ3NzU=', 'VXNlcjo3MTgzNDc=', 'VXNlcjo3MTgzNTQ=']",[]
R3JvdXA6Nzc3MDQy,DEPARTMENT.PRODUCT.CONTINGENT,True,SYNCED,"['VXNlcjo1NTY3Njk=', 'VXNlcjo1OTc4MzQ=', 'VXNlcjo3Njc5MzI=', 'VXNlcjoxMTU0MTc4', 'VXNlcjoxMTU0MTc5', 'VXNlcjoxMTU0MTkz', 'VXNlcjoxMTU0MjI1', 'VXNlcjoxMTU0MjI4', 'VXNlcjoxMTU0MjMw', 'VXNlcjoxMjI2MjE0', 'VXNlcjoxMzE3OTE5', 'VXNlcjoxMzE3OTIw', 'VXNlcjoxMzE3OTIx', 'VXNlcjoxMzQyMzY5', 'VXNlcjoxMzQyNTYw', 'VXNlcjoxMzUyMDMx', 'VXNlcjoxMzYwODU4', 'VXNlcjoxMzY2NTk2', 'VXNlcjoxMzY2NjYy', 'VXNlcjoxMzY2NjYz', 'VXNlcjoxMzkyMDQz', 'VXNlcjoxMzkzMzE0']",[]
R3JvdXA6Nzc3MDQz,DEPARTMENT.RESEARCH.CONTINGENT,True,SYNCED,"['VXNlcjoxMjI2MjEx', 'VXNlcjoxMzQ4MDI1']",[]
R3JvdXA6Nzc3MDQ0,TEAM.TOTAL_REWARDS.CONTINGENT,True,SYNCED,[],[]
R3JvdXA6Nzc3MDQ1,TEAM.STRATEGIC_FINANCE.CONTINGENT,True,SYNCED,"['VXNlcjoxMzYxMDQ3', 'VXNlcjoxMzcyMTEz', 'VXNlcjoxMzgyMDE3']",[]
R3JvdXA6Nzc3MDQ2,TEAM.GROWTH_MARKETING.CONTINGENT,True,SYNCED,"['VXNlcjoxMTU0MDMy', 'VXNlcjoxMTU0MDM3', 'VXNlcjoxMTU0MDY0', 'VXNlcjoxMTU0MDY5', 'VXNlcjoxMTU0MDg5', 'VXNlcjoxMTU0MDkw', 'VXNlcjoxMTU0MTEy', 'VXNlcjoxMTU0MTM1', 'VXNlcjoxMTU0MTQw', 'VXNlcjoxMTU0MTU0', 'VXNlcjoxMTU0Mzgy', 'VXNlcjoxMjA0ODIz', 'VXNlcjoxMjg4NjE3', 'VXNlcjoxMzIyODE0']",[]
R3JvdXA6Nzc3MDQ3,TEAM.PRODUCT_LEGAL.CONTINGENT,True,SYNCED,[],[]
R3JvdXA6Nzc3MDQ4,TEAM.CHIEF_OF_STAFF_MARKETING.CONTINGENT,True,SYNCED,[],[]
R3JvdXA6Nzc3MDQ5,TEAM.DEVELOPER_EXPERIENCE.CONTINGENT,True,SYNCED,[],[]
R3JvdXA6Nzc3MDUw,TEAM.REVENUE_OPERATIONS.CONTINGENT,True,SYNCED,"['VXNlcjoxMTU0MDYx', 'VXNlcjoxMTU0MDYz', 'VXNlcjoxMTU0MDY2', 'VXNlcjoxMzkxMDQ2', 'VXNlcjoxMzk1NTIx', 'VXNlcjoxMzk1NTIy']",[]
R3JvdXA6Nzc3MDUx,TEAM.EXECUTIVE_OPERATIONS_PEOPLE.CONTINGENT,True,SYNCED,[],[]
R3JvdXA6Nzc3MDUy,TEAM.COMMS_AND_CONTENT.CONTINGENT,True,SYNCED,[],[]
R3JvdXA6Nzc3MDUz,TEAM.BUSINESS_OPERATIONS.CONTINGENT,True,SYNCED,[],[]
R3JvdXA6Nzc3MDU0,TEAM.CHIEF_OF_STAFF_SALES.CONTINGENT,True,SYNCED,[],[]
R3JvdXA6Nzc3MDU1,TEAM.CORPORATE_DEVELOPMENT.CONTINGENT,True,SYNCED,[],[]
R3JvdXA6Nzc3MDU2,TEAM.CORPORATE_LEGAL.CONTINGENT,True,SYNCED,['VXNlcjoxMTU0MDMz'],[]
R3JvdXA6Nzc3MDU3,TEAM.FINANCE.CONTINGENT,True,SYNCED,[],[]
R3JvdXA6Nzc3MDU4,TEAM.CX_USER_OPERATIONS.CONTINGENT,True,SYNCED,['VXNlcjoxMTU0MTg2'],[]
R3JvdXA6Nzc3MDU5,TEAM.WORKFLOWS.CONTINGENT,True,SYNCED,[],[]
R3JvdXA6Nzc3MDYw,TEAM.PROFESSIONAL_SERVICES.CONTINGENT,True,SYNCED,['VXNlcjoxMTk2MjIy'],[]
R3JvdXA6Nzc3MDYx,TEAM.COMMERCIAL_LEGAL.CONTINGENT,True,SYNCED,[],[]
R3JvdXA6Nzc3MDYy,TEAM.CHIEF_OF_STAFF_PEOPLE.CONTINGENT,True,SYNCED,[],[]
R3JvdXA6Nzc3MDYz,TEAM.CUSTOMER_SUCCESS.CONTINGENT,True,SYNCED,[],[]
R3JvdXA6Nzc3MDY0,TEAM.CUSTOMER_EXPERIENCE.CONTINGENT,True,SYNCED,"['VXNlcjoxMTU0MTk3', 'VXNlcjoxMTU0MjEz', 'VXNlcjoxMTU0MjE3', 'VXNlcjoxMTU0MjE4']",[]
R3JvdXA6Nzc3MDY1,TEAM.PRODUCT_MARKETING.CONTINGENT,True,SYNCED,[],[]
R3JvdXA6Nzc3MDY2,TEAM.PEOPLE_PARTNER.CONTINGENT,True,SYNCED,[],[]
R3JvdXA6Nzc3MDY3,TEAM.CONTRIBUTIONS.CONTINGENT,True,SYNCED,[],[]
R3JvdXA6Nzc3MDY4,TEAM.DATA_SCIENCE.CONTINGENT,True,SYNCED,[],[]
R3JvdXA6Nzc3MDY5,TEAM.BUSINESS_DEVELOPMENT.CONTINGENT,True,SYNCED,[],[]
R3JvdXA6Nzc3MDcw,TEAM.RELATIONSHIP_MGMT.CONTINGENT,True,SYNCED,[],[]
R3JvdXA6Nzc3MDcx,TEAM.ACCOUNT_EXECUTIVE.CONTINGENT,True,SYNCED,[],[]
R3JvdXA6Nzc3MDcy,TEAM.RESEARCH.CONTINGENT,True,SYNCED,"['VXNlcjoxMjI2MjEx', 'VXNlcjoxMzQ4MDI1']",[]
R3JvdXA6Nzc3MDcz,TEAM.GTM.CONTINGENT,True,SYNCED,"['VXNlcjoxMTU0MDU0', 'VXNlcjoxMTU0MDU1']",[]
R3JvdXA6Nzc3MDc0,TEAM.LEGAL.CONTINGENT,True,SYNCED,"['VXNlcjoxMTU0MjA3', 'VXNlcjoxMTYwNzc4', 'VXNlcjoxMzQ4MDI0']",[]
R3JvdXA6Nzc3MDc1,TEAM.EXECUTIVE_OPERATIONS_FINANCE.CONTINGENT,True,SYNCED,[],[]
R3JvdXA6Nzc3MDc2,TEAM.DATA_PLATFORM.CONTINGENT,True,SYNCED,[],[]
R3JvdXA6Nzc3MDc3,TEAM.EXECUTIVE_OPERATIONS_SALES.CONTINGENT,True,SYNCED,"['VXNlcjo2MDg4ODI=', 'VXNlcjoxMTU0MDQ2', 'VXNlcjoxMTU0MDY3', 'VXNlcjoxMTU0MDgw', 'VXNlcjoxMTU0MDk2', 'VXNlcjoxMTU0MTIz', 'VXNlcjoxMTU0MTI2', 'VXNlcjoxMTU0MTY1', 'VXNlcjoxMTU0MTY2', 'VXNlcjoxMTU2NDM4', 'VXNlcjoxMTkyMzU3', 'VXNlcjoxMTk2MjIz', 'VXNlcjoxMzIyODE1', 'VXNlcjoxMzI4Mzky', 'VXNlcjoxMzM2MTIz']",[]
R3JvdXA6Nzc3MDc4,TEAM.MARKETING.CONTINGENT,True,SYNCED,"['VXNlcjoxMTU0MDUx', 'VXNlcjoxMTU0MDU3', 'VXNlcjoxMTU0MDcz', 'VXNlcjoxMTU0MDky', 'VXNlcjoxMTU0MDk1', 'VXNlcjoxMTU0MTEw', 'VXNlcjoxMTU0MTM0', 'VXNlcjoxMTU0MTg4', 'VXNlcjoxMTY1ODk4', 'VXNlcjoxMjMyOTEw', 'VXNlcjoxMjYyMTk0', 'VXNlcjoxMzA3Mzc1', 'VXNlcjoxMzI4MTk1', 'VXNlcjoxMzkyMDQ0']",[]
R3JvdXA6Nzc3MDc5,TEAM.EXECUTIVE_OPERATIONS_PRODUCT.CONTINGENT,True,SYNCED,[],[]
R3JvdXA6Nzc3MDgw,TEAM.INFO_SECURITY.CONTINGENT,True,SYNCED,"['VXNlcjo2MDg4ODU=', 'VXNlcjo2MDg4ODk=', 'VXNlcjo2MDg4OTg=', 'VXNlcjoxMTMyMDIw', 'VXNlcjoxMTU0MDg0', 'VXNlcjoxMTU0MTMz', 'VXNlcjoxMTU0MTM4', 'VXNlcjoxMTU0MjI3', 'VXNlcjoxMTU5NzQ0', 'VXNlcjoxMTU5NzQ2', 'VXNlcjoxMTU5ODE1', 'VXNlcjoxMjA0ODIy', 'VXNlcjoxMzE4NTI5', 'VXNlcjoxMzI4Mzkx', 'VXNlcjoxMzQ4MDIz', 'VXNlcjoxMzY2ODM3', 'VXNlcjoxMzY2ODM4', 'VXNlcjoxMzgxOTU4', 'VXNlcjoxMzkyMTE1']",[]
R3JvdXA6Nzc3MDgx,TEAM.CONNECTED_APPS.CONTINGENT,True,SYNCED,[],[]
R3JvdXA6Nzc3MDgy,TEAM.SALES_DEVELOPMENT.CONTINGENT,True,SYNCED,[],[]
R3JvdXA6Nzc3MDgz,TEAM.RECRUITING.CONTINGENT,True,SYNCED,[],[]
R3JvdXA6Nzc3MDg0,TEAM.SOLUTIONS_ENGINEERING.CONTINGENT,True,SYNCED,[],[]
R3JvdXA6Nzc3MDg1,TEAM.AI.CONTINGENT,True,SYNCED,[],"['UmVzb3VyY2U6MjM0ODc3NA==', 'UmVzb3VyY2U6MjUyMjE1MA==', 'UmVzb3VyY2U6MzQ4NDA1Ng==']"
R3JvdXA6Nzc3MDg2,TEAM.INFRASTRUCTURE.CONTINGENT,True,SYNCED,['VXNlcjoxMjkwNDk0'],[]
R3JvdXA6Nzc3MDg3,TEAM.PARTNER_SALES.CONTINGENT,True,SYNCED,[],[]
R3JvdXA6Nzc3MDg4,TEAM.SCALE_ENGINEERING.CONTINGENT,True,SYNCED,[],[]
R3JvdXA6Nzc3MDg5,TEAM.PRODUCT_DESIGN.CONTINGENT,True,SYNCED,"['VXNlcjoxMzE3OTE5', 'VXNlcjoxMzE3OTIw', 'VXNlcjoxMzE3OTIx']",[]
R3JvdXA6Nzc3MDkw,TEAM.SALES.CONTINGENT,True,SYNCED,['VXNlcjoxMjQyMjAw'],[]
R3JvdXA6Nzc3MDkx,TEAM.CX_PRODUCT_SUPPORT.CONTINGENT,True,SYNCED,['VXNlcjoxMzc2Nzg4'],[]
R3JvdXA6Nzc3MDky,TEAM.DATA_PRODUCT.CONTINGENT,True,SYNCED,[],[]
R3JvdXA6Nzc3MDkz,TEAM.EMPLOYMENT_LEGAL.CONTINGENT,True,SYNCED,[],[]
R3JvdXA6Nzc3MDk0,TEAM.BRAND_AND_CREATIVE.CONTINGENT,True,SYNCED,"['VXNlcjo5NTIzNTE=', 'VXNlcjoxMTI2Njg3', 'VXNlcjoxMzEyNTE3']",[]
R3JvdXA6Nzc3MDk1,TEAM.BIZ_TECH.CONTINGENT,True,SYNCED,"['VXNlcjoxMTU0MDM2', 'VXNlcjoxMTU0MDM4', 'VXNlcjoxMTU0MDUz', 'VXNlcjoxMTU0MTM5', 'VXNlcjoxMTU0MTgw']",[]
R3JvdXA6Nzc3MDk2,TEAM.ACCOUNTING.CONTINGENT,True,SYNCED,"['VXNlcjoxMTQ2OTkz', 'VXNlcjoxMTU0MDcw', 'VXNlcjoxMTYwNzk2', 'VXNlcjoxMTY2OTI3', 'VXNlcjoxMTY2OTI5', 'VXNlcjoxMjk1OTg2', 'VXNlcjoxMzEyMzQ1', 'VXNlcjoxMzEyNTE5', 'VXNlcjoxMzg3NTY2']",[]
R3JvdXA6Nzc3MDk3,TEAM.EXECUTIVE_OPERATIONS_ENGINEERING.CONTINGENT,True,SYNCED,[],[]
R3JvdXA6Nzc3MDk4,TEAM.DEMAND_GENERATION.CONTINGENT,True,SYNCED,"['VXNlcjoxMTU0MDQx', 'VXNlcjoxMTU0MDQ4', 'VXNlcjoxMTU0MDQ5', 'VXNlcjoxMTU0MDUw', 'VXNlcjoxMTU0MTg0', 'VXNlcjoxMTU0MTg5', 'VXNlcjoxMTU0MTk5']",[]
R3JvdXA6Nzc3MDk5,TEAM.EMPLOYEE_ENGAGEMENT.CONTINGENT,True,SYNCED,"['VXNlcjoxMjI2MjEy', 'VXNlcjoxMjI2MjEz', 'VXNlcjoxMjI2MjE1', 'VXNlcjoxMjI2MjE2', 'VXNlcjoxMjMyNDAx', 'VXNlcjoxMjMyNDAy']",[]
R3JvdXA6Nzc3MTAw,TEAM.DATA_ENGINEERING.CONTINGENT,True,SYNCED,[],[]
R3JvdXA6Nzc3MTAx,TEAM.WORKPLACE.CONTINGENT,True,SYNCED,[],[]
R3JvdXA6Nzc3MTAy,TEAM.ENGINEERING.CONTINGENT,True,SYNCED,[],[]
R3JvdXA6Nzc3MTAz,TEAM.PRODUCT_MANAGEMENT.CONTINGENT,True,SYNCED,"['VXNlcjo1NTY3Njk=', 'VXNlcjo3Njc5MzI=', 'VXNlcjoxMTU0MTc4', 'VXNlcjoxMTU0MTc5', 'VXNlcjoxMzQyMzY5', 'VXNlcjoxMzQyNTYw', 'VXNlcjoxMzUyMDMx', 'VXNlcjoxMzYwODU4', 'VXNlcjoxMzY2NTk2', 'VXNlcjoxMzY2NjYy', 'VXNlcjoxMzY2NjYz', 'VXNlcjoxMzkyMDQz', 'VXNlcjoxMzkzMzE0']",[]
R3JvdXA6Nzc3MTA0,TEAM.PRODUCT_FOUNDATIONS.CONTINGENT,True,SYNCED,[],[]
R3JvdXA6Nzc3MTA1,TEAM.GLOBAL_STORYTELLING.CONTINGENT,True,SYNCED,"['VXNlcjo1OTc4MzQ=', 'VXNlcjoxMTU0MTkz', 'VXNlcjoxMTU0MjI1', 'VXNlcjoxMTU0MjI4', 'VXNlcjoxMTU0MjMw', 'VXNlcjoxMjI2MjE0']",[]
R3JvdXA6Nzc3MTA2,TEAM.CREATIVE_STUDIO.CONTINGENT,True,SYNCED,['VXNlcjoxMTU0Mzc2'],[]
R3JvdXA6Nzc3MTA3,TEAM.PEOPLE.CONTINGENT,True,SYNCED,['VXNlcjoxMTU0MjA4'],[]
R3JvdXA6Nzc3MTA5,SUBTEAM.TAX,True,SYNCED,"['VXNlcjoxMTU0Mjg0', 'VXNlcjoxMTU0MzUy', 'VXNlcjoxMTU3NzMz']",[]
R3JvdXA6Nzc3MTEw,SUBTEAM.CREATIVE_STUDIO,True,SYNCED,"['VXNlcjoxMDI5NDM0', 'VXNlcjoxMDI5NDM1', 'VXNlcjoxMDM4NTYw', 'VXNlcjoxMDM4NTYy']",[]
R3JvdXA6Nzc3MTEx,SUBTEAM.CONTRIBUTIONS,True,SYNCED,[],[]
R3JvdXA6Nzc3MTEy,SUBTEAM.PRODUCT_MANAGEMENT,True,SYNCED,"['VXNlcjo1MjAxMjQ=', 'VXNlcjo1NDk1OTk=', 'VXNlcjo1NTY3NzE=', 'VXNlcjo1NjQ5Mjk=', 'VXNlcjo1NzI0MzM=', 'VXNlcjo1NzI0Mzc=', 'VXNlcjo1NzI0NTA=', 'VXNlcjo1NzI0NjA=', 'VXNlcjo1ODE1MzA=', 'VXNlcjo2NTMxMDI=', 'VXNlcjo2OTc0NDY=', 'VXNlcjo4OTY0NjA=', 'VXNlcjo5MTk1Mzg=', 'VXNlcjoxMTM5MDUz', 'VXNlcjoxMTU0Mjkx', 'VXNlcjoxMjYyMzc3', 'VXNlcjoxMzQyNTYx', 'VXNlcjoxMzgxOTYw', 'VXNlcjoxMzgxOTYx', 'VXNlcjoxMzkyMDQ5']",[]
R3JvdXA6Nzc3MTEz,SUBTEAM.IT,True,SYNCED,"['VXNlcjozOTg1ODQ=', 'VXNlcjo0MDg0MDY=', 'VXNlcjo1MzQwNDQ=', 'VXNlcjo1NDM1MTA=', 'VXNlcjo2NDE3OTc=', 'VXNlcjo4MjYxMzQ=', 'VXNlcjo4Mzk1NTc=', 'VXNlcjo4OTkwODI=', 'VXNlcjo5OTEyNjY=', 'VXNlcjoxMjg0NDU5']",[]
R3JvdXA6Nzc3MTE0,SUBTEAM.RECRUITING,True,SYNCED,"['VXNlcjo5NTM4NzI=', 'VXNlcjoxMDA3Mzc3', 'VXNlcjoxMTM5OTUx', 'VXNlcjoxMTU0MjQ0', 'VXNlcjoxMTU0MjQ5', 'VXNlcjoxMTU0MjU2', 'VXNlcjoxMTU0MjY4', 'VXNlcjoxMTU0Mjcx', 'VXNlcjoxMTU0Mjcz', 'VXNlcjoxMTU0Mjc2', 'VXNlcjoxMTU0Mjc5', 'VXNlcjoxMTU0Mjgy', 'VXNlcjoxMTU0Mjk5', 'VXNlcjoxMTU0MzAx', 'VXNlcjoxMTU0MzA0', 'VXNlcjoxMTU0MzE2', 'VXNlcjoxMTU0MzIz', 'VXNlcjoxMTU0MzI2', 'VXNlcjoxMTU0MzI4', 'VXNlcjoxMTU0MzMw', 'VXNlcjoxMTU0MzM3', 'VXNlcjoxMTU0MzM4', 'VXNlcjoxMTU0MzQx', 'VXNlcjoxMTU0MzQ5', 'VXNlcjoxMTU0MzUz', 'VXNlcjoxMTU0MzU2', 'VXNlcjoxMTU0MzU5', 'VXNlcjoxMTU0Mzkx', 'VXNlcjoxMTU0Mzky', 'VXNlcjoxMTU0Mzk1', 'VXNlcjoxMTU0Mzk3', 'VXNlcjoxMTU0NDA1', 'VXNlcjoxMTU0NDA3', 'VXNlcjoxMTcxNzYz', 'VXNlcjoxMTkzMzcw', 'VXNlcjoxMjI2MDYz', 'VXNlcjoxMjYyMjU4', 'VXNlcjoxMjg0MzAz', 'VXNlcjoxMjg0MzUy', 'VXNlcjoxMjg0MzU4', 'VXNlcjoxMzA3NDUz', 'VXNlcjoxMzI4MTk2', 'VXNlcjoxMzI4Mzk1', 'VXNlcjoxMzQ3Nzk3', 'VXNlcjoxMzcyMDQ5', 'VXNlcjoxMzgxNzk1']",[]
R3JvdXA6Nzc3MTE1,SUBTEAM.INTEGRATED_MARKETING,True,SYNCED,"['VXNlcjo1NTAzOTg=', 'VXNlcjo4NDM0ODc=', 'VXNlcjo4NDg2OTQ=', 'VXNlcjoxMTU0Mjkw', 'VXNlcjoxMTU0Mjk0']",[]
R3JvdXA6Nzc3MTE2,SUBTEAM.CALENDAR,True,SYNCED,"['VXNlcjo1MjAzMjI=', 'VXNlcjo1MjAzNzQ=', 'VXNlcjo1NjUxMTc=', 'VXNlcjo1NzE0MTI=', 'VXNlcjo2NTc3NjI=', 'VXNlcjo2NjAyMzg=', 'VXNlcjoxMDM2MjA0', 'VXNlcjoxMTM5MDQx', 'VXNlcjoxMzYwOTQ0']",['UmVzb3VyY2U6MzYzMTA4MQ==']
R3JvdXA6Nzc3MTE3,SUBTEAM.BILLING_SUPPORT,True,SYNCED,['VXNlcjo2OTkxNTI='],[]
R3JvdXA6Nzc3MTE5,SUBTEAM.GROWTH_DATA_SCIENCE,True,SYNCED,"['VXNlcjo0NzMxOTM=', 'VXNlcjo0NzMyMDI=', 'VXNlcjo0NzMyMDM=', 'VXNlcjo1MDA3MjI=', 'VXNlcjo3MjQwNzI=', 'VXNlcjo4Mjc1MjA=', 'VXNlcjoxMzI4NDAy']",[]
R3JvdXA6Nzc3MTIw,SUBTEAM.STRATEGIC_FINANCE,True,SYNCED,['VXNlcjoxMTU0MjU5'],[]
R3JvdXA6Nzc3MTIx,SUBTEAM.COMMUNITY_LED_MARKETING_SOCIAL,True,SYNCED,['VXNlcjo2OTY3Mzc='],[]
R3JvdXA6Nzc3MTIy,SUBTEAM.LEGAL,True,SYNCED,"['VXNlcjoxMTU0MzEw', 'VXNlcjoxMTU0Mzcz', 'VXNlcjoxMTU0Mzk4', 'VXNlcjoxMjYyMTk1', 'VXNlcjoxMzkyMTE3']",[]
R3JvdXA6Nzc3MTIz,SUBTEAM.COMMUNITY_LED_MARKETING_INFLUENCER,True,SYNCED,[],[]
R3JvdXA6Nzc3MTI0,SUBTEAM.CUSTOMER_SUCCESS,True,SYNCED,"['VXNlcjo1NjUyODk=', 'VXNlcjo1Njk0NjM=', 'VXNlcjo1NzkxMDQ=', 'VXNlcjo1ODcyMTA=', 'VXNlcjo1ODcyMTE=', 'VXNlcjo1ODk4MTk=', 'VXNlcjo1OTc4MzU=', 'VXNlcjo2MDM3MTQ=', 'VXNlcjo2NDMyMzk=', 'VXNlcjo2NDQzMDY=', 'VXNlcjo2NTEwOTU=', 'VXNlcjo2NTExMDI=', 'VXNlcjo2NTMwOTY=', 'VXNlcjo2NjY1NTk=', 'VXNlcjo2OTQzOTI=', 'VXNlcjo2OTQzOTc=', 'VXNlcjo2OTczODM=', 'VXNlcjo3NTAxODg=', 'VXNlcjo4NDg4NzY=', 'VXNlcjo4NjE2OTQ=', 'VXNlcjo4NjIyMzc=', 'VXNlcjo4NjkyNjA=', 'VXNlcjo4ODAwMzk=', 'VXNlcjo5MDAwNTA=', 'VXNlcjo5MTM2Njg=', 'VXNlcjo5MTk0NTU=', 'VXNlcjo5MjA0MTc=', 'VXNlcjo5MjQ2NjQ=', 'VXNlcjo5NDc1MDc=', 'VXNlcjo5NTM1NTA=', 'VXNlcjo5OTE5NDA=', 'VXNlcjo5OTQzOTc=', 'VXNlcjoxMDAwNTc1', 'VXNlcjoxMDAyNTAy', 'VXNlcjoxMDEyMjQ2', 'VXNlcjoxMDI4OTYy', 'VXNlcjoxMTU0NDEy', 'VXNlcjoxMTYzOTA4', 'VXNlcjoxMTk0NTQx', 'VXNlcjoxMTk0NTkw', 'VXNlcjoxMjI2MjI0', 'VXNlcjoxMjg0MzA3', 'VXNlcjoxMzE3ODQy', 'VXNlcjoxMzI4MTk5', 'VXNlcjoxMzQ3ODAw', 'VXNlcjoxMzQ3ODAx', 'VXNlcjoxMzQ4MzIz', 'VXNlcjoxMzYxMDU3']",[]
R3JvdXA6Nzc3MTI1,SUBTEAM.IMPORTS,True,SYNCED,[],[]
R3JvdXA6Nzc3MTI2,SUBTEAM.RESEARCH,True,SYNCED,"['VXNlcjo1NzI0Mjc=', 'VXNlcjo1NzI0Mjk=', 'VXNlcjo1NzI0MzY=', 'VXNlcjo1NzI0NDg=', 'VXNlcjo1NzI0NTk=', 'VXNlcjo4NDg4MjA=', 'VXNlcjo4NDkzMzQ=', 'VXNlcjo5NTA2OTk=', 'VXNlcjoxMDYyMDQ1', 'VXNlcjoxMDYyMDQ3', 'VXNlcjoxMTM5MDEw', 'VXNlcjoxMzM0NjY3', 'VXNlcjoxMzYxMDUz']",[]
R3JvdXA6Nzc3MTI3,SUBTEAM.TECHNICAL_SERVICES,True,SYNCED,[],[]
R3JvdXA6Nzc3MTI4,SUBTEAM.DEMAND_GENERATION,True,SYNCED,"['VXNlcjo3MDM4MTk=', 'VXNlcjo5MjUwMjg=', 'VXNlcjoxMTI2NzA1', 'VXNlcjoxMTY1OTQy', 'VXNlcjoxMzYwODQ3']",[]
R3JvdXA6Nzc3MTI5,SUBTEAM.INTERNATIONAL_EXPERIENCE,True,SYNCED,"['VXNlcjo1NTQ1MDI=', 'VXNlcjo1Njk0MTg=', 'VXNlcjo1NzI0NTQ=', 'VXNlcjo5MTg2MDM=', 'VXNlcjoxMjQyNDQy']",[]
R3JvdXA6Nzc3MTMw,SUBTEAM.SEARCH_PLATFORM,True,SYNCED,"['VXNlcjo0NzMxNzY=', 'VXNlcjo0NzMxNzk=', 'VXNlcjo1OTkzNTg=', 'VXNlcjo3ODA0NDU=', 'VXNlcjo4Njk3OTM=', 'VXNlcjoxMTUyODAz', 'VXNlcjoxMTkzMjE3']",[]
R3JvdXA6Nzc3MTMx,SUBTEAM.RE_ENGAGEMENT,True,SYNCED,[],[]
R3JvdXA6Nzc3MTMy,SUBTEAM.PAID_CUSTOMER_GROWTH,True,SYNCED,"['VXNlcjo1MjAyNjg=', 'VXNlcjo1MjAyODA=', 'VXNlcjo1MjAzNzk=', 'VXNlcjo1MjA0MTA=', 'VXNlcjo1NzkwNzg=', 'VXNlcjo2NDMyNDM=', 'VXNlcjo3MjM0MDE=', 'VXNlcjo3Mzc4NjU=', 'VXNlcjo3NTAyNDU=', 'VXNlcjo3NjQxNjg=', 'VXNlcjoxMDM2MTEw', 'VXNlcjoxMDUwNDMw', 'VXNlcjoxMDYyMDUx', 'VXNlcjoxMTM5MDQy', 'VXNlcjoxMTcxNzAw', 'VXNlcjoxMzI4Mzk2', 'VXNlcjoxMzYxMDQ5']",[]
R3JvdXA6Nzc3MTMz,SUBTEAM.EMPLOYEE_RELATIONS,True,SYNCED,[],[]
R3JvdXA6Nzc3MTM0,SUBTEAM.MAIL,True,SYNCED,"['VXNlcjo1MjAzNjc=', 'VXNlcjo1MjAzNjk=', 'VXNlcjo1MjAzNzA=', 'VXNlcjo1MjAzNzE=', 'VXNlcjo5NTE0MjE=', 'VXNlcjoxMDA3NDky', 'VXNlcjoxMDYyMDQ5']",[]
R3JvdXA6Nzc3MTM1,SUBTEAM.ENGINEERING,True,SYNCED,"['VXNlcjo1MjAzMzQ=', 'VXNlcjoxMzM0ODE4', 'VXNlcjoxMzYxMDUx']",[]
R3JvdXA6Nzc3MTM2,SUBTEAM.ENTERPRISE_PMM,True,SYNCED,"['VXNlcjo2NzMxMzE=', 'VXNlcjoxMDI5NDI5', 'VXNlcjoxMTc0Njc1']",[]
R3JvdXA6Nzc3MTM3,SUBTEAM.EXECUTIVE_OPERATIONS,True,SYNCED,"['VXNlcjo0NzMxOTQ=', 'VXNlcjo1NzI0NzA=', 'VXNlcjo2MDg4ODI=', 'VXNlcjo2OTQzNDk=', 'VXNlcjo2OTQzNjg=', 'VXNlcjoxMTU0MDQ2', 'VXNlcjoxMTU0MDY3', 'VXNlcjoxMTU0MDgw', 'VXNlcjoxMTU0MDk2', 'VXNlcjoxMTU0MTIz', 'VXNlcjoxMTU0MTI2', 'VXNlcjoxMTU0MTY1', 'VXNlcjoxMTU0MTY2', 'VXNlcjoxMTU0MzI5', 'VXNlcjoxMTU2NDM4', 'VXNlcjoxMTkyMzU3', 'VXNlcjoxMTk2MjIz', 'VXNlcjoxMzIyODE1', 'VXNlcjoxMzI4Mzky', 'VXNlcjoxMzM2MTIz', 'VXNlcjoxMzQ3Nzk4']",[]
R3JvdXA6Nzc3MTM4,SUBTEAM.TRUST_ENGINEERING,True,SYNCED,"['VXNlcjo0NzE2MjI=', 'VXNlcjo0ODI0OTI=', 'VXNlcjo1MDkzOTE=', 'VXNlcjo2NDI4OTQ=', 'VXNlcjo2OTI5OTc=', 'VXNlcjo4NjMwODQ=', 'VXNlcjo5NjIxMzg=', 'VXNlcjoxMzM0ODIx']",[]
R3JvdXA6Nzc3MTM5,SUBTEAM.TOTAL_REWARDS,True,SYNCED,[],[]
R3JvdXA6Nzc3MTQw,SUBTEAM.GOVERNANCE_RISK_COMPLIANCE,True,SYNCED,"['VXNlcjo1MzU2NjY=', 'VXNlcjo1MzU2Njk=', 'VXNlcjo1MzU2NzA=', 'VXNlcjo1MzU2Nzk=', 'VXNlcjo2NTE5MzA=', 'VXNlcjo4Mzk1MzA=', 'VXNlcjoxMTUyODA1', 'VXNlcjoxMTg5OTk2', 'VXNlcjoxMzM0NjY5', 'VXNlcjoxMzM0ODMz', 'VXNlcjoxMzQ5MTI5']","['UmVzb3VyY2U6MjQ4NDU2OA==', 'UmVzb3VyY2U6MjQ4NDU3NA==', 'UmVzb3VyY2U6MzQ4NDAxMg==', 'UmVzb3VyY2U6MzQ4NDAzNg==']"
R3JvdXA6Nzc3MTQx,SUBTEAM.CONNECTIONS,True,SYNCED,[],[]
R3JvdXA6Nzc3MTQy,SUBTEAM.PRODUCT_DESIGN,True,SYNCED,"['VXNlcjo1MjAyNTE=', 'VXNlcjo1NTQxMTU=', 'VXNlcjo1NzI0MzA=', 'VXNlcjo1NzI0NDU=', 'VXNlcjo1NzI0NDY=', 'VXNlcjo1NzI0NTU=', 'VXNlcjo2NTE5MDY=', 'VXNlcjo2ODYyNDA=', 'VXNlcjo3MDE5NTM=', 'VXNlcjo4MzIzOTI=', 'VXNlcjo4NjkxMDc=', 'VXNlcjo5MzM3MDg=', 'VXNlcjo5NDczMzQ=', 'VXNlcjo5NTM3MTY=', 'VXNlcjo5OTg5Mzk=', 'VXNlcjoxMDAwNTI0', 'VXNlcjoxMDYyMDQz', 'VXNlcjoxMjg0MzU3', 'VXNlcjoxMzM0ODIy', 'VXNlcjoxMzQ4NzM0', 'VXNlcjoxMzYwOTQy', 'VXNlcjoxMzc2OTEy', 'VXNlcjoxMzgxOTU5']",[]
R3JvdXA6Nzc3MTQz,SUBTEAM.SERVING_INFRASTRUCTURE,True,SYNCED,"['VXNlcjozODQ5ODI=', 'VXNlcjo0MDgyODE=', 'VXNlcjo0MzY1MTA=', 'VXNlcjo1MjAyODc=', 'VXNlcjo1NjUwODk=', 'VXNlcjo1NzI0MTI=', 'VXNlcjo2MDAwMjU=', 'VXNlcjo3MjYxNzc=', 'VXNlcjoxMTM1MDI1', 'VXNlcjoxMzM0ODE1']","['UmVzb3VyY2U6MjQxMzYxNQ==', 'UmVzb3VyY2U6MjQ3MTQxOQ==', 'UmVzb3VyY2U6MzQ4NDA0NQ==', 'UmVzb3VyY2U6MzQ4NDA1NQ==']"
R3JvdXA6Nzc3MTQ0,SUBTEAM.MID_MARKET_ACCOUNT_EXECUTIVE,True,SYNCED,"['VXNlcjo1NDkxMTY=', 'VXNlcjo1NTM4NjQ=', 'VXNlcjo1NTQyNjA=', 'VXNlcjo1Njg0MDU=', 'VXNlcjo1Njg5OTM=', 'VXNlcjo1NzIyNzE=', 'VXNlcjo1NzQ0MDQ=', 'VXNlcjo1OTcwOTQ=', 'VXNlcjo2MDEwMjc=', 'VXNlcjo2MDEzNzQ=', 'VXNlcjo2MTM4MzQ=', 'VXNlcjo2MTYwNzg=', 'VXNlcjo2MTY3MDc=', 'VXNlcjo2MTgxMTM=', 'VXNlcjo2MjA2NTY=', 'VXNlcjo2NDIwODI=', 'VXNlcjo2NDIwODM=', 'VXNlcjo2NTkwMDU=', 'VXNlcjo2NzA1ODU=', 'VXNlcjo2NzA1ODY=', 'VXNlcjo2NzY4ODA=', 'VXNlcjo2ODM2MTU=', 'VXNlcjo2ODU5OTE=', 'VXNlcjo2ODk1MTg=', 'VXNlcjo2OTM3ODE=', 'VXNlcjo2OTQzNTg=', 'VXNlcjo2OTQzODQ=', 'VXNlcjo2OTQzODc=', 'VXNlcjo3MjM0MjE=', 'VXNlcjo3MjM0NzY=', 'VXNlcjo3MzYxMDA=', 'VXNlcjo3Njk2NTI=', 'VXNlcjo3NzM0MDc=', 'VXNlcjo3ODMxOTM=', 'VXNlcjo4MzQ4NzI=', 'VXNlcjo4NDA0NjU=', 'VXNlcjo4NDk1MTA=', 'VXNlcjo4NjE3NDM=', 'VXNlcjo4NjI3MTg=', 'VXNlcjo4Nzk4ODQ=', 'VXNlcjo5MDYzNDI=', 'VXNlcjo5MTk4ODk=', 'VXNlcjo5NjYwNjE=', 'VXNlcjo5OTQ0MzU=', 'VXNlcjoxMDA2ODI3', 'VXNlcjoxMDA3NDkx', 'VXNlcjoxMDE4MTU5', 'VXNlcjoxMDI3OTcx', 'VXNlcjoxMDU3MzQ5', 'VXNlcjoxMDYyMDQx']",[]
R3JvdXA6Nzc3MTQ1,SUBTEAM.LEARNING_AND_CONTENT,True,SYNCED,"['VXNlcjo1MjAyMzk=', 'VXNlcjoxMTcxNzI2', 'VXNlcjoxMTkzMzc4', 'VXNlcjoxMzM0ODM1', 'VXNlcjoxMzkyMTI0']",[]
R3JvdXA6Nzc3MTQ2,SUBTEAM.APP_PLATFORM,True,SYNCED,[],[]
R3JvdXA6Nzc3MTQ3,SUBTEAM.MARKETING_OPERATIONS,True,SYNCED,"['VXNlcjo2OTQ0MDc=', 'VXNlcjoxMzgxNzk5']",[]
R3JvdXA6Nzc3MTQ4,SUBTEAM.PRODUCT_INFRASTRUCTURE,True,SYNCED,"['VXNlcjo0ODI0ODY=', 'VXNlcjo0ODI0ODg=', 'VXNlcjo0ODI0OTA=', 'VXNlcjo0ODI0OTE=', 'VXNlcjo0ODgzMzE=', 'VXNlcjo1MjAyNzg=', 'VXNlcjo1ODU5ODM=', 'VXNlcjo2MTIzMDI=', 'VXNlcjo2NTE5MzU=', 'VXNlcjo4Njc5MjE=', 'VXNlcjoxMDE0MzI5', 'VXNlcjoxMjYyMzgx', 'VXNlcjoxMzM0ODIw', 'VXNlcjoxMzYxMDUw']",[]
R3JvdXA6Nzc3MTQ5,SUBTEAM.COMPENSATION,True,SYNCED,"['VXNlcjoxMTU0MjY1', 'VXNlcjoxMTU0Mjgz']",[]
R3JvdXA6Nzc3MTUw,SUBTEAM.AUTOMATIONS,True,SYNCED,"['VXNlcjo0NzMyODU=', 'VXNlcjo1MjAyNzA=', 'VXNlcjo1MjAzODE=', 'VXNlcjo1MjAzODM=', 'VXNlcjo1ODE0NDA=', 'VXNlcjo2ODYyMzQ=', 'VXNlcjo3Njk1MjY=', 'VXNlcjo5OTg4OTg=', 'VXNlcjoxMTM5MDQ4', 'VXNlcjoxMzM0NjY1']",[]
R3JvdXA6Nzc3MTUx,SUBTEAM.INTERNAL_COMMUNICATIONS,True,SYNCED,"['VXNlcjoxMTM5MDUx', 'VXNlcjoxMTM5MDUy', 'VXNlcjoxMjg0NDYy', 'VXNlcjoxMzE5NTIw', 'VXNlcjoxMzI5NTAx']",[]
R3JvdXA6Nzc3MTUy,SUBTEAM.SALES,True,SYNCED,"['VXNlcjo2OTQzNDQ=', 'VXNlcjo2OTQzNTM=', 'VXNlcjo2OTQzNTc=', 'VXNlcjo2OTQzNTk=', 'VXNlcjo2OTQzNjA=', 'VXNlcjo2OTQzNzQ=', 'VXNlcjo2OTQzNzU=', 'VXNlcjo2OTQzODU=', 'VXNlcjo2OTQzOTU=', 'VXNlcjo4NTIyNTM=', 'VXNlcjoxMTUzNjM2', 'VXNlcjoxMTYzOTAy', 'VXNlcjoxMTcxNzAz', 'VXNlcjoxMTc5OTIw', 'VXNlcjoxMjQyMjAz', 'VXNlcjoxMjg0MzYw', 'VXNlcjoxMzA3NTY3', 'VXNlcjoxMzYwODQ4', 'VXNlcjoxMzcxOTg0']",[]
R3JvdXA6Nzc3MTUz,SUBTEAM.SALES_DEVELOPMENT,True,SYNCED,"['VXNlcjo1NTQwMzE=', 'VXNlcjo1Njk0MTU=', 'VXNlcjo1NzIyMDU=', 'VXNlcjo1NzIyMDc=', 'VXNlcjo1NzM0NDA=', 'VXNlcjo1NzkxNjY=', 'VXNlcjo1OTUzNTg=', 'VXNlcjo2MjY2Mjg=', 'VXNlcjo2MzQ1MDA=', 'VXNlcjo2Mzk0MzA=', 'VXNlcjo2ODM0ODU=', 'VXNlcjo2OTAyOTk=', 'VXNlcjo2OTQzNTY=', 'VXNlcjo2OTQzNjU=', 'VXNlcjo2OTQzNjc=', 'VXNlcjo2OTQzODM=', 'VXNlcjo3NTQ4NzE=', 'VXNlcjo3NTUwMDE=', 'VXNlcjo3ODA2MDY=', 'VXNlcjo4Mzk1ODc=', 'VXNlcjo4NDE0OTI=', 'VXNlcjo4NDk1MDc=', 'VXNlcjo4NjkyNjI=', 'VXNlcjo4Njk3NDg=', 'VXNlcjo4ODYxMDI=', 'VXNlcjo5MzQxODU=', 'VXNlcjo5NDg3NzA=', 'VXNlcjo5NDk2Nzk=', 'VXNlcjo5NTM3MTg=', 'VXNlcjo5OTQ0ODY=', 'VXNlcjo5OTYzMjk=', 'VXNlcjoxMDA3NDkw', 'VXNlcjoxMDE0Mjgz', 'VXNlcjoxMDI4NzQz', 'VXNlcjoxMDUwNDI5', 'VXNlcjoxMDYyMDQ0', 'VXNlcjoxMTM5MDYy', 'VXNlcjoxMTM5MDY0', 'VXNlcjoxMTM5MDY5', 'VXNlcjoxMTM5MDc0', 'VXNlcjoxMTQ5MTI4', 'VXNlcjoxMTU3MTY1', 'VXNlcjoxMTU4ODEw', 'VXNlcjoxMTY0NjQ3', 'VXNlcjoxMjI2MjI1', 'VXNlcjoxMjQyNDQ5', 'VXNlcjoxMjQyNDUw', 'VXNlcjoxMjU1MzA5', 'VXNlcjoxMjg0MzU1', 'VXNlcjoxMzA3Mzc5']",[]
R3JvdXA6Nzc3MTU0,SUBTEAM.PAYROLL,True,SYNCED,"['VXNlcjoxMTU0MjY2', 'VXNlcjoxMTU0Mjg3', 'VXNlcjoxMTU0MzMy']",[]
R3JvdXA6Nzc3MTU1,SUBTEAM.CUSTOMER_MARKETING,True,SYNCED,[],[]
R3JvdXA6Nzc3MTU2,SUBTEAM.PROFESSIONAL_SERVICES,True,SYNCED,"['VXNlcjo1Mzg3Mzg=', 'VXNlcjo1Njg5OTQ=', 'VXNlcjo2MjE1MTk=', 'VXNlcjo2OTQzNDU=', 'VXNlcjo2OTQzNDg=', 'VXNlcjo2OTQzODA=', 'VXNlcjo2OTkxODY=', 'VXNlcjo4ODAwMzM=', 'VXNlcjo4ODYwOTM=', 'VXNlcjo4ODYyNjg=', 'VXNlcjo4OTAxNTI=', 'VXNlcjo4OTY5ODc=', 'VXNlcjo5MjQ3MjM=', 'VXNlcjoxMDQ1MDk4', 'VXNlcjoxMTUzNjQ4', 'VXNlcjoxMTU3MDUw', 'VXNlcjoxMTU4NTc0', 'VXNlcjoxMjI2MDU4', 'VXNlcjoxMjg0MzU0', 'VXNlcjoxMzA3Mzg0', 'VXNlcjoxMzA3Mzg1', 'VXNlcjoxMzE3Nzgz', 'VXNlcjoxMzI4Mjgy', 'VXNlcjoxMzcyMTIx', 'VXNlcjoxMzgyMDE5', 'VXNlcjoxMzkyMDUy']",[]
R3JvdXA6Nzc3MTU3,SUBTEAM.TRUST_SAFETY,True,SYNCED,"['VXNlcjo1MzU2NjU=', 'VXNlcjo1MzU2Njc=', 'VXNlcjo1MzU2Nzc=', 'VXNlcjo1MzU2Nzg=', 'VXNlcjoxMTY0MDcz', 'VXNlcjoxMjI2MjIz', 'VXNlcjoxMzM0ODEz', 'VXNlcjoxMzM0ODM0', 'VXNlcjoxMzYwOTQ4']",[]
R3JvdXA6Nzc3MTU4,SUBTEAM.ENTERPRISE_SUPPORT,True,SYNCED,"['VXNlcjo4NDg4NzM=', 'VXNlcjoxMDIwNDI3', 'VXNlcjoxMDIxNTIz']",[]
R3JvdXA6Nzc3MTU5,SUBTEAM.INFRASTRUCTURE,True,SYNCED,"['VXNlcjozOTg1NzY=', 'VXNlcjo0NjY4Nzg=', 'VXNlcjo0NzMyOTM=', 'VXNlcjo1MjAzMDU=', 'VXNlcjo1MjAzODI=', 'VXNlcjo1MjAzOTc=', 'VXNlcjoxMTUyODA4', 'VXNlcjoxMTU3MDUx', 'VXNlcjoxMjk1Njk0', 'VXNlcjoxMzQ4NzUy', 'VXNlcjoxMzYwODU5']",[]
R3JvdXA6Nzc3MTYw,SUBTEAM.FINANCE,True,SYNCED,"['VXNlcjoxMDU4MjU0', 'VXNlcjoxMTU0MjU1', 'VXNlcjoxMzM0ODMx']",[]
R3JvdXA6Nzc3MTYx,SUBTEAM.AI,True,SYNCED,"['VXNlcjo0NTk5ODc=', 'VXNlcjo0NzMxNzk=', 'VXNlcjo0NzMyOTE=', 'VXNlcjo1MjAyOTc=', 'VXNlcjo1MjAzMDc=', 'VXNlcjo1MjA0MTI=', 'VXNlcjo1MjA0MjQ=', 'VXNlcjo1NjAxMTE=', 'VXNlcjo2NTcyNDg=', 'VXNlcjo2ODYzOTI=', 'VXNlcjo5MzM0Njc=', 'VXNlcjoxMTM2OTEy', 'VXNlcjoxMTcxNjkz', 'VXNlcjoxMjg0NDYz', 'VXNlcjoxMzA3NTYy']",[]
R3JvdXA6Nzc3MTYy,SUBTEAM.DATA_PLATFORM,True,SYNCED,"['VXNlcjo0NTk0MjU=', 'VXNlcjo0NzMxNzY=', 'VXNlcjo1MDM2NjA=', 'VXNlcjo1OTkzNTg=', 'VXNlcjo2MDk2ODU=', 'VXNlcjo3ODA0NDU=', 'VXNlcjo4Njk3OTM=', 'VXNlcjoxMTUyODAz', 'VXNlcjoxMTkzMjE3', 'VXNlcjoxMTk0NTY4', 'VXNlcjoxMzM0ODI2', 'VXNlcjoxMzYxMDU0']",[]
R3JvdXA6Nzc3MTYz,SUBTEAM.ENVIRONMENT,True,SYNCED,"['VXNlcjoxMTU0MjQ4', 'VXNlcjoxMTU0MjYw', 'VXNlcjoxMTU0Mjc4', 'VXNlcjoxMTU0Mjgx', 'VXNlcjoxMTU0Mjkz', 'VXNlcjoxMTU0Mjk2', 'VXNlcjoxMTU0MzEx', 'VXNlcjoxMTU0MzE3', 'VXNlcjoxMTU0MzYw', 'VXNlcjoxMTU0Mzkw', 'VXNlcjoxMTYzOTA3', 'VXNlcjoxMTcxNzEw', 'VXNlcjoxMTkzMzY3', 'VXNlcjoxMjI2MjE3', 'VXNlcjoxMjQyNDQ0']",[]
R3JvdXA6Nzc3MTY0,SUBTEAM.PROCUREMENT,True,SYNCED,"['VXNlcjoxMTU0MTY0', 'VXNlcjoxMTU0Mjgw', 'VXNlcjoxMTU0Mzg0', 'VXNlcjoxMTcxNzA3', 'VXNlcjoxMTkzMzc5', 'VXNlcjoxMjYyMzc4']",[]
R3JvdXA6Nzc3MTY1,SUBTEAM.PRODUCT_FOUNDATION,True,SYNCED,"['VXNlcjo1MjAzNjA=', 'VXNlcjo5MTYxMTM=', 'VXNlcjoxMDM2MjA3']",[]
R3JvdXA6Nzc3MTY2,SUBTEAM.CUSTOMER_STRATEGY_OPERATIONS,True,SYNCED,"['VXNlcjo2ODAxNzE=', 'VXNlcjo2OTQ0MDE=', 'VXNlcjoxMzQ4MzI2']",[]
R3JvdXA6Nzc3MTY3,SUBTEAM.USER_EDUCATION,True,SYNCED,[],[]
R3JvdXA6Nzc3MTY4,SUBTEAM.WORKFLOWS,True,SYNCED,[],[]
R3JvdXA6Nzc3MTY5,SUBTEAM.GROWTH_ENGINEERING,True,SYNCED,['VXNlcjo1MjAzMzk='],[]
R3JvdXA6Nzc3MTcw,SUBTEAM.DATASTORE_INFRASTRUCTURE,True,SYNCED,"['VXNlcjo0MDgyODI=', 'VXNlcjo0MDgyODM=', 'VXNlcjo1MjAyOTk=', 'VXNlcjo4MjcwNzQ=', 'VXNlcjo5MjA1Njg=', 'VXNlcjoxMDEyMjQ1', 'VXNlcjoxMTM1MDI2', 'VXNlcjoxMzM0Njcx', 'VXNlcjoxMzM0ODM2', 'VXNlcjoxMzYwOTM3', 'VXNlcjoxMzYwOTM4']",[]
R3JvdXA6Nzc3MTcx,SUBTEAM.MARKETING,True,SYNCED,['VXNlcjoxMzA3Mzc2'],[]
R3JvdXA6Nzc3MTcy,SUBTEAM.BENEFITS,True,SYNCED,"['VXNlcjoxMTU0MjU3', 'VXNlcjoxMTU0MzQ2', 'VXNlcjoxMTU0Mzcx']",[]
R3JvdXA6Nzc3MTcz,SUBTEAM.IMPORTS_EXPORTS,True,SYNCED,[],[]
R3JvdXA6Nzc3MTc0,SUBTEAM.DEVELOPER_EXPERIENCE,True,SYNCED,"['VXNlcjo0MzY1MDg=', 'VXNlcjo0MzY1MDk=', 'VXNlcjo0NzI2MTg=', 'VXNlcjo2MDk2NzI=', 'VXNlcjo4Nzk5OTg=', 'VXNlcjo5NDc0MTg=', 'VXNlcjo5OTAyMTg=', 'VXNlcjoxMDAwNDk2', 'VXNlcjoxMDA3NDkz', 'VXNlcjoxMDE0Mjg1', 'VXNlcjoxMTM2OTA0', 'VXNlcjoxMTcxNzgx', 'VXNlcjoxMzI4Mzk3', 'VXNlcjoxMzM0ODI1', 'VXNlcjoxMzQ4NzQy', 'VXNlcjoxMzQ4NzQ5']",[]
R3JvdXA6Nzc3MTc1,SUBTEAM.GTM_DATA_SCIENCE,True,SYNCED,"['VXNlcjo0NzMxOTg=', 'VXNlcjo0NzMyMDE=', 'VXNlcjo0NzMyMDU=', 'VXNlcjo2MzA5MzQ=', 'VXNlcjo4OTgxNDQ=', 'VXNlcjo5MDYxODM=', 'VXNlcjo5NjA3MDY=', 'VXNlcjoxMDEyMjQ0', 'VXNlcjoxMDUwNDI2', 'VXNlcjoxMTM2OTEx', 'VXNlcjoxMTcxNzE1']",[]
R3JvdXA6Nzc3MTc2,SUBTEAM.ADOPTION,True,SYNCED,"['VXNlcjo1MjAyNzk=', 'VXNlcjo1MjAzMzM=', 'VXNlcjo1MjAzMzg=', 'VXNlcjo1MjAzODA=', 'VXNlcjo1MjAzOTQ=', 'VXNlcjo1MjA0MzM=', 'VXNlcjo1ODk5MDU=', 'VXNlcjo2MDAwMTY=', 'VXNlcjo3MjUyODU=', 'VXNlcjoxMjg0NDU4', 'VXNlcjoxMzA3NTY1', 'VXNlcjoxMzE3ODQw', 'VXNlcjoxMzE3OTE3', 'VXNlcjoxMzE3OTE4', 'VXNlcjoxMzI4Mjc5', 'VXNlcjoxMzM0ODE2']",[]
R3JvdXA6Nzc3MTc3,SUBTEAM.PRODUCT_MARKETING,True,SYNCED,"['VXNlcjo4MzcxNzI=', 'VXNlcjoxMTI1MjM4', 'VXNlcjoxMTU4NTUx', 'VXNlcjoxMzcyMDUx', 'VXNlcjoxMzkyMDQ1']",[]
R3JvdXA6Nzc3MTc4,SUBTEAM.PARTNER_SALES,True,SYNCED,"['VXNlcjo1NzQ0MTI=', 'VXNlcjo2NTk0ODM=', 'VXNlcjo2OTQzMzk=', 'VXNlcjo4ODk3Njc=', 'VXNlcjo5NDg2OTA=', 'VXNlcjoxMjg0NDY4', 'VXNlcjoxMzM0NjE2']",[]
R3JvdXA6Nzc3MTc5,SUBTEAM.VIDEO,True,SYNCED,[],[]
R3JvdXA6Nzc3MTgw,SUBTEAM.EVENTS,True,SYNCED,[],[]
R3JvdXA6Nzc3MTgx,SUBTEAM.DATA_FOUNDATIONS,True,SYNCED,"['VXNlcjo0NzMxNzU=', 'VXNlcjo0NzMyODM=', 'VXNlcjo1MjQwMTU=', 'VXNlcjo3MjYxODE=', 'VXNlcjo5MDk3NzE=']",[]
R3JvdXA6Nzc3MTgy,SUBTEAM.ACCOUNTING,True,SYNCED,"['VXNlcjoxMTU0MjY3', 'VXNlcjoxMzA3NTU5']",[]
R3JvdXA6Nzc3MTgz,SUBTEAM.APPLICATION_SECURITY,True,SYNCED,"['VXNlcjo1MzU2Njg=', 'VXNlcjo2MzA4NzM=', 'VXNlcjo3Nzk5OTM=', 'VXNlcjo5MzM3NjA=', 'VXNlcjoxMTM2OTM3', 'VXNlcjoxMzM0ODIz']",[]
R3JvdXA6Nzc3MTg0,SUBTEAM.CORPORATE_LEGAL,True,SYNCED,"['VXNlcjoxMTU0MjU0', 'VXNlcjoxMTU0MzQ3', 'VXNlcjoxMTU0Mzgx', 'VXNlcjoxMzE3OTI3']",[]
R3JvdXA6Nzc3MTg1,SUBTEAM.BUSINESS_OPERATIONS,True,SYNCED,"['VXNlcjo5NTEwNDY=', 'VXNlcjo5NTU4ODU=', 'VXNlcjo5NjIxNjI=', 'VXNlcjoxMTQxNDU1']",[]
R3JvdXA6Nzc3MTg2,SUBTEAM.API,True,SYNCED,[],[]
R3JvdXA6Nzc3MTg3,SUBTEAM.EMEA_MARKETING,True,SYNCED,"['VXNlcjo2NzU1MTk=', 'VXNlcjoxMTMyNzk2', 'VXNlcjoxMTU0MjY0', 'VXNlcjoxMTU0Mjg5', 'VXNlcjoxMTU0MzI3', 'VXNlcjoxMTU0Mzg1', 'VXNlcjoxMTczMDI3']",[]
R3JvdXA6Nzc3MTg4,SUBTEAM.ENTERPRISE_ACCOUNT_EXECUTIVE,True,SYNCED,"['VXNlcjo1NTE0NjY=', 'VXNlcjo2OTQzNzY=', 'VXNlcjo2OTk5MDk=', 'VXNlcjo3MDQwMjY=', 'VXNlcjo3NTA4MTc=', 'VXNlcjo3ODMzNDA=', 'VXNlcjo4NDEzNzY=', 'VXNlcjo5MTk2NjE=', 'VXNlcjo5MjA0MTk=', 'VXNlcjo5MjA5ODI=', 'VXNlcjo5MzQxODY=', 'VXNlcjo5NjE5ODE=', 'VXNlcjoxMDE0Mjg0', 'VXNlcjoxMDIyMzky', 'VXNlcjoxMTM5MDYx', 'VXNlcjoxMTU3MTY2', 'VXNlcjoxMTU3MTY4', 'VXNlcjoxMTcxNzE5', 'VXNlcjoxMTczMDQw', 'VXNlcjoxMjI2MDY1', 'VXNlcjoxMjI2MDY3', 'VXNlcjoxMjQyMjA2', 'VXNlcjoxMjg0MzA4', 'VXNlcjoxMjkwMzE5', 'VXNlcjoxMzA3NTY4', 'VXNlcjoxMzE3ODQx', 'VXNlcjoxMzIyNjA5', 'VXNlcjoxMzM0NjEz', 'VXNlcjoxMzM0Njcy', 'VXNlcjoxMzQ4MzMx', 'VXNlcjoxMzYxMDU4', 'VXNlcjoxMzkyMDUx']",[]
R3JvdXA6Nzc3MTg5,SUBTEAM.PLATFORM_SECURITY,True,SYNCED,"['VXNlcjo1MjkyNDk=', 'VXNlcjo1MzU2NzM=', 'VXNlcjo3MjMxNDE=', 'VXNlcjoxMzgxOTc3']",[]
R3JvdXA6Nzc3MTkw,SUBTEAM.CORPORATE_DEVELOPMENT,True,SYNCED,"['VXNlcjoxMTU0MzQw', 'VXNlcjoxMTU0Mzcy']",[]
R3JvdXA6Nzc3MTkx,SUBTEAM.COMMUNITY_LED_MARKETING_COMMUNITY,True,SYNCED,"['VXNlcjo1OTc4MzY=', 'VXNlcjo5Mzk2ODc=', 'VXNlcjoxMTM5MDQ5', 'VXNlcjoxMTU0MjUy', 'VXNlcjoxMTU0Mzc2', 'VXNlcjoxMTU0Mzk0', 'VXNlcjoxMTU0Mzk5']",[]
R3JvdXA6Nzc3MTky,SUBTEAM.COMMERCIAL_LEGAL,True,SYNCED,"['VXNlcjoxMDM5MjQ3', 'VXNlcjoxMTU0Mjky', 'VXNlcjoxMTU0Mzc4', 'VXNlcjoxMTU0Mzgw', 'VXNlcjoxMzcyMTE0']",[]
R3JvdXA6Nzc3MTkz,SUBTEAM.GA_SYSTEMS,True,SYNCED,"['VXNlcjo5MTE1Njg=', 'VXNlcjoxMTI2Nzg4', 'VXNlcjoxMTI2Nzky', 'VXNlcjoxMTI2Nzk1', 'VXNlcjoxMTkwMjEx', 'VXNlcjoxMjg0MzYy', 'VXNlcjoxMzI4MTk4']",[]
R3JvdXA6Nzc3MTk0,SUBTEAM.GROWTH_MARKETING,True,SYNCED,"['VXNlcjo1OTkyNzg=', 'VXNlcjo3NjQwMDE=', 'VXNlcjoxMDEyMTQw', 'VXNlcjoxMDM4NzU4', 'VXNlcjoxMTQwMjE0', 'VXNlcjoxMTQ3MTIx', 'VXNlcjoxMTU0MzUw', 'VXNlcjoxMzA3NTYw']",[]
R3JvdXA6Nzc3MTk1,SUBTEAM.RELATIONSHIP_MGMT,True,SYNCED,"['VXNlcjo1NTk0Nzk=', 'VXNlcjo1Njg4NTE=', 'VXNlcjo1Njk0MTc=', 'VXNlcjo1NzUzNDk=', 'VXNlcjo2MzQ0OTk=', 'VXNlcjo2OTQzNDc=', 'VXNlcjo3ODA1NDg=', 'VXNlcjo4NTEzNzE=', 'VXNlcjo5NDczMTY=', 'VXNlcjo5NTEzNTU=', 'VXNlcjoxMDUwNDI4', 'VXNlcjoxMTM5MDcz', 'VXNlcjoxMTM5MDc3', 'VXNlcjoxMTczMDQy', 'VXNlcjoxMzcxODk5', 'VXNlcjoxMzkxOTEx']",[]
R3JvdXA6Nzc3MTk2,SUBTEAM.REVENUE_GROWTH,True,SYNCED,"['VXNlcjo5NTAwNTA=', 'VXNlcjoxMTU0Mzc3', 'VXNlcjoxMzE3MTM3']",[]
R3JvdXA6Nzc3MTk3,SUBTEAM.REVENUE_ACCOUNTING,True,SYNCED,"['VXNlcjo1Njg0NjE=', 'VXNlcjo1Njg0Njk=', 'VXNlcjo1Njg0NzI=', 'VXNlcjo1Njg0ODM=', 'VXNlcjo2MTY4MjQ=', 'VXNlcjo2MzM3NjQ=', 'VXNlcjo3NDAzOTM=', 'VXNlcjo4MjQxNTY=', 'VXNlcjo5NTE4NzE=', 'VXNlcjoxMjQyNDQw', 'VXNlcjoxMjQyNDQ2', 'VXNlcjoxMjg0NDU3', 'VXNlcjoxMzI4Mzkz']",[]
R3JvdXA6Nzc3MTk4,SUBTEAM.EMPLOYMENT_LEGAL,True,SYNCED,"['VXNlcjo3MzA0NjQ=', 'VXNlcjoxMTU0Mzc0']",[]
R3JvdXA6Nzc3MTk5,SUBTEAM.SALES_ENABLEMENT,True,SYNCED,"['VXNlcjo2OTQ0MDI=', 'VXNlcjo2OTQ0MDQ=', 'VXNlcjoxMzgyMDE4']",[]
R3JvdXA6Nzc3MjAw,SUBTEAM.AI_MODEL,True,SYNCED,"['VXNlcjo0NzMyODI=', 'VXNlcjo0NzMyODg=', 'VXNlcjo0NzMyOTA=', 'VXNlcjo1ODk5MDQ=', 'VXNlcjo2NTcyNDQ=', 'VXNlcjo4MzQ4NzM=', 'VXNlcjo4NjUzMDU=', 'VXNlcjo4NjcwMDQ=', 'VXNlcjo5MDY3ODU=', 'VXNlcjoxMTk0NTI5', 'VXNlcjoxMzkyMDQ4']",[]
R3JvdXA6Nzc3MjAx,SUBTEAM.PRODUCT_SECURITY_ENGINEERING,True,SYNCED,"['VXNlcjo2MDA2MzQ=', 'VXNlcjo2NjQ0NzE=', 'VXNlcjo4Njg5MDg=', 'VXNlcjoxMzQ4MzI5', 'VXNlcjoxMzQ4NzQz', 'VXNlcjoxMzYwOTM5']",[]
R3JvdXA6Nzc3MjAy,SUBTEAM.GTM_SYSTEMS,True,SYNCED,"['VXNlcjo5OTkwODY=', 'VXNlcjoxMTI2Nzc1']",[]
R3JvdXA6Nzc3MjAz,SUBTEAM.CORPORATE_ACCOUNTING,True,SYNCED,"['VXNlcjo5MTUwNjM=', 'VXNlcjo5MTc5NDY=', 'VXNlcjo5NTY3NDU=', 'VXNlcjo5NTgyNjg=', 'VXNlcjoxMTU0MTky', 'VXNlcjoxMTU0MzY2', 'VXNlcjoxMTU0Mzkz', 'VXNlcjoxMTU0NDA5', 'VXNlcjoxMjQyNDQz', 'VXNlcjoxMzYxMDQ4', 'VXNlcjoxMzcyMTE2', 'VXNlcjoxMzkyMTE5']",[]
R3JvdXA6Nzc3MjA0,SUBTEAM.CEO_TEAM,True,SYNCED,"['VXNlcjo1NTQxMTQ=', 'VXNlcjoxMTU5ODQw', 'VXNlcjoxMTc3NzMz']",[]
R3JvdXA6Nzc3MjA1,SUBTEAM.GTM,True,SYNCED,"['VXNlcjo2OTQzNDA=', 'VXNlcjoxMDExNzg2', 'VXNlcjoxMjg0NDY3']",[]
R3JvdXA6Nzc3MjA2,SUBTEAM.USER_OPERATIONS,True,SYNCED,"['VXNlcjo1MjAyMzk=', 'VXNlcjo1NTI0NzY=', 'VXNlcjo1NjAxMDU=', 'VXNlcjo2MTUzNTQ=', 'VXNlcjo2NTE5Mjk=', 'VXNlcjo2NTU3MTU=', 'VXNlcjo2ODA0MjY=', 'VXNlcjo3ODMyMjI=', 'VXNlcjo5Mzc4MTg=', 'VXNlcjoxMTU0MTg2', 'VXNlcjoxMTcxNzI2', 'VXNlcjoxMTkzMzc4', 'VXNlcjoxMzE3OTMx', 'VXNlcjoxMzM0ODM1', 'VXNlcjoxMzM0ODM3', 'VXNlcjoxMzkyMTI0']",[]
R3JvdXA6Nzc3MjA3,SUBTEAM.USER_INSIGHTS,True,SYNCED,[],[]
R3JvdXA6Nzc3MjA4,SUBTEAM.APAC_MARKETING,True,SYNCED,"['VXNlcjo5MjUwMzE=', 'VXNlcjo5ODc1NTQ=', 'VXNlcjoxMTUyNjQ5', 'VXNlcjoxMTU0MjUx', 'VXNlcjoxMTU0Mjc3', 'VXNlcjoxMTU0Mjk1', 'VXNlcjoxMTU0MzAy', 'VXNlcjoxMTU0MzQ4', 'VXNlcjoxMTU0Mzcw', 'VXNlcjoxMTU0NDEz', 'VXNlcjoxMTY3Njc2', 'VXNlcjoxMzQ3Nzk5', 'VXNlcjoxMzkxOTA3']",[]
R3JvdXA6Nzc3MjA5,SUBTEAM.CREATIVE_WEB,True,SYNCED,"['VXNlcjo2NTEwOTA=', 'VXNlcjo2NjA5MDk=', 'VXNlcjo2NjQ0MzI=', 'VXNlcjo4NDYyOTg=', 'VXNlcjoxMDI5NDMz', 'VXNlcjoxMDM4NTU5', 'VXNlcjoxMTU0NDA4', 'VXNlcjoxMTU4ODA5']",[]
R3JvdXA6Nzc3MjEw,SUBTEAM.PRODUCT_SUPPORT,True,SYNCED,"['VXNlcjo1MjAyNjI=', 'VXNlcjo1Njk5OTM=', 'VXNlcjo5NDY4NTE=', 'VXNlcjo5NDY5MDA=', 'VXNlcjo5OTg5NDA=', 'VXNlcjoxMDIxNjg3', 'VXNlcjoxMjI2MDY4', 'VXNlcjoxMzcyMTIy', 'VXNlcjoxMzgxNzk2', 'VXNlcjoxMzgxOTY1']",[]
R3JvdXA6Nzc3MjEx,SUBTEAM.PEOPLE_PARTNER,True,SYNCED,"['VXNlcjoxMTU0MjYx', 'VXNlcjoxMTU0Mjk4', 'VXNlcjoxMTU0MzA2', 'VXNlcjoxMTU0MzA4', 'VXNlcjoxMTU0MzIy', 'VXNlcjoxMTU0MzUx', 'VXNlcjoxMjU1NDY4', 'VXNlcjoxMjg0MzUz', 'VXNlcjoxMzQ4NzM3', 'VXNlcjoxMzkyMTE4']",[]
R3JvdXA6Nzc3MjEy,SUBTEAM.CUSTOMER_EXPERIENCE,True,SYNCED,"['VXNlcjo1MjAyNDA=', 'VXNlcjo1MjAyNDI=', 'VXNlcjo1MjAyNDQ=', 'VXNlcjo1MjAyNDU=', 'VXNlcjo1MjAyNTI=', 'VXNlcjo1MjAyNTM=', 'VXNlcjo1MjAyNTQ=', 'VXNlcjo1MjAyNTU=', 'VXNlcjo1MjAyNTY=', 'VXNlcjo1MjAyNTc=', 'VXNlcjo1MjAyNjE=', 'VXNlcjo1MjAyNjQ=', 'VXNlcjo1MjAyNjU=', 'VXNlcjo1MjAyNjY=', 'VXNlcjo1MzQwOTI=', 'VXNlcjo1NTU1MTk=', 'VXNlcjo1NjAxMDg=', 'VXNlcjo2NDk1NDk=', 'VXNlcjo2NDk1NTM=', 'VXNlcjo2NTc2OTQ=', 'VXNlcjo3MTc0OTE=', 'VXNlcjo4NjI2OTU=', 'VXNlcjo4OTAxMjE=', 'VXNlcjo5MjA4OTg=', 'VXNlcjoxMDAwNTk5', 'VXNlcjoxMTM5MDM3', 'VXNlcjoxMTM5MDQw', 'VXNlcjoxMTYzOTEx', 'VXNlcjoxMjQyMjA5', 'VXNlcjoxMjQyMjEw', 'VXNlcjoxMjc0NjI3', 'VXNlcjoxMjg0MzYz', 'VXNlcjoxMjg0NDY1', 'VXNlcjoxMzE3Nzg0', 'VXNlcjoxMzcxODk4', 'VXNlcjoxMzkxOTA5']",[]
R3JvdXA6Nzc3MjEz,SUBTEAM.EXTERNAL_COMMUNICATIONS,True,SYNCED,['VXNlcjoxMTU0MjY5'],[]
R3JvdXA6Nzc3MjE0,SUBTEAM.SOLUTIONS_ENGINEERING,True,SYNCED,"['VXNlcjo1MjAyNDM=', 'VXNlcjo1NTMzMTU=', 'VXNlcjo1NjkwMjQ=', 'VXNlcjo1ODkwODU=', 'VXNlcjo1OTcxODk=', 'VXNlcjo1OTc4MzM=', 'VXNlcjo2MDE2MjY=', 'VXNlcjo2NzI2NzM=', 'VXNlcjo2OTQzNDY=', 'VXNlcjo2OTQzNTI=', 'VXNlcjo2OTQzNTQ=', 'VXNlcjo2OTQzNjE=', 'VXNlcjo2OTQzNzA=', 'VXNlcjo2OTQzNzI=', 'VXNlcjo3MjMxMDU=', 'VXNlcjo4ODAxMDI=', 'VXNlcjo5MTYxMzk=', 'VXNlcjo5MjA0MzQ=', 'VXNlcjo5MjA4MjQ=', 'VXNlcjo5MjA5MjA=', 'VXNlcjo5MjI0NzU=', 'VXNlcjo5NDcwMjU=', 'VXNlcjo5NjY1MzI=', 'VXNlcjo5OTcyNzA=', 'VXNlcjoxMDIwNDc5', 'VXNlcjoxMDIxOTEx', 'VXNlcjoxMTM5MDA4', 'VXNlcjoxMTM5MDU5', 'VXNlcjoxMTM5MDY2', 'VXNlcjoxMTM5MDY3', 'VXNlcjoxMTM5MDc4', 'VXNlcjoxMTUxMjQ5', 'VXNlcjoxMTczMDQx', 'VXNlcjoxMjg0MzA5', 'VXNlcjoxMjg0NDY2', 'VXNlcjoxMzA3Mzgy', 'VXNlcjoxMzE3Nzc3', 'VXNlcjoxMzE3Nzgw', 'VXNlcjoxMzE3Nzgx', 'VXNlcjoxMzM0NjA2', 'VXNlcjoxMzQ4NzQ2', 'VXNlcjoxMzQ5MTM1', 'VXNlcjoxMzYwODYw']",[]
R3JvdXA6Nzc3MjE1,SUBTEAM.EDITOR,True,SYNCED,"['VXNlcjo1MjAzMTA=', 'VXNlcjo1MjAzMzc=', 'VXNlcjo1MjA0MTU=', 'VXNlcjo1NTI4MjY=', 'VXNlcjo1NTQ3ODk=', 'VXNlcjo1OTkzNDY=', 'VXNlcjo2MzA5NzM=', 'VXNlcjo2NDU3NDU=', 'VXNlcjo3MDE5NDI=', 'VXNlcjo5MjA0MTY=', 'VXNlcjo5MjE0MTQ=', 'VXNlcjoxMDM2MjAy', 'VXNlcjoxMTM5MDA3', 'VXNlcjoxMTM5MDQ1', 'VXNlcjoxMzM0NjY4', 'VXNlcjoxMzM0Njcw', 'VXNlcjoxMzcyMDU1']",[]
R3JvdXA6Nzc3MjE2,SUBTEAM.BUSINESS_DEVELOPMENT,True,SYNCED,"['VXNlcjo1NzI0Mzk=', 'VXNlcjo2NzM0NTY=']",[]
R3JvdXA6Nzc3MjE3,SUBTEAM.CX_ENGINEERING,True,SYNCED,[],[]
R3JvdXA6Nzc3MjE4,SUBTEAM.GROWTH_PMM,True,SYNCED,[],[]
R3JvdXA6Nzc3MjE5,SUBTEAM.EVENTS_MARKETING,True,SYNCED,"['VXNlcjo5MjUwMzA=', 'VXNlcjoxMTM1MDI3']",[]
R3JvdXA6Nzc3MjIw,SUBTEAM.LEARNING_DEVELOPMENT,True,SYNCED,"['VXNlcjoxMTU0Mzg5', 'VXNlcjoxMjYyMzgy']",[]
R3JvdXA6Nzc3MjIx,SUBTEAM.COLLECTIONS_FOUNDATIONS,True,SYNCED,[],[]
R3JvdXA6Nzc3MjIy,SUBTEAM.DATA_SCIENCE,True,SYNCED,[],[]
R3JvdXA6Nzc3MjIz,SUBTEAM.GTM_FINANCE,True,SYNCED,"['VXNlcjo2MzM3NjM=', 'VXNlcjo5NDMwNjI=', 'VXNlcjo5NTU3ODM=', 'VXNlcjoxMDM4Njgz', 'VXNlcjoxMDU4NDA0', 'VXNlcjoxMTU0MzQ1', 'VXNlcjoxMTU0MzYy']",[]
R3JvdXA6Nzc3MjI0,SUBTEAM.DEVELOPER_INFRASTRUCTURE,True,SYNCED,[],"['UmVzb3VyY2U6MjQxMzYxNQ==', 'UmVzb3VyY2U6MjQ3MTQxOQ==', 'UmVzb3VyY2U6MzQ4NDA0NQ==', 'UmVzb3VyY2U6MzQ4NDA1NQ==']"
R3JvdXA6Nzc3MjI1,SUBTEAM.SALES_OPERATIONS,True,SYNCED,"['VXNlcjo1NzAzNzI=', 'VXNlcjo2OTQ0MDg=', 'VXNlcjo4Mjg2MzQ=', 'VXNlcjo5NTEzOTg=', 'VXNlcjoxMDIxNjg2', 'VXNlcjoxMzA3NTY2']",[]
R3JvdXA6Nzc3MjI2,SUBTEAM.SECURITY_ENGINEERING,True,SYNCED,"['VXNlcjo3MzU4NzI=', 'VXNlcjoxMTM5MDQ0']",[]
R3JvdXA6Nzc3MjI3,SUBTEAM.COLLECTIONS,True,SYNCED,[],[]
R3JvdXA6Nzc3MjI4,SUBTEAM.DATA_ENGINEERING,True,SYNCED,"['VXNlcjo0MDM2NDc=', 'VXNlcjo0NTk0MTg=', 'VXNlcjo0NTk0MTk=', 'VXNlcjo0NTk0MjA=', 'VXNlcjo0NTk0MjM=', 'VXNlcjo0NTk0MjQ=', 'VXNlcjo0NTk0Mjc=', 'VXNlcjo2NzU5Mjk=', 'VXNlcjo2ODYzMjg=', 'VXNlcjo2ODY0MTE=', 'VXNlcjo2ODY0MTI=', 'VXNlcjo5MDc1NDk=', 'VXNlcjo5MTkwODM=', 'VXNlcjoxMDMwMDY3', 'VXNlcjoxMTM2OTU4', 'VXNlcjoxMTUyNzk1', 'VXNlcjoxMTczMDM3', 'VXNlcjoxMTgzNjkx', 'VXNlcjoxMjI2MjIw', 'VXNlcjoxMzM0ODE3', 'VXNlcjoxMzQ4NzQw', 'VXNlcjoxMzQ4NzQ4', 'VXNlcjoxMzQ4NzUx', 'VXNlcjoxMzcxOTQ2', 'VXNlcjoxMzcxOTQ3', 'VXNlcjoxMzcyMTE5', 'VXNlcjoxMzc2NzQ2']",[]
R3JvdXA6Nzc3MjI5,SUBTEAM.CORE_PMM,True,SYNCED,"['VXNlcjo4MzQ0NDE=', 'VXNlcjo4NTc1Nzk=', 'VXNlcjo5OTc3OTU=']",[]
R3JvdXA6Nzc3MjMw,SUBTEAM.PEOPLE_PROGRAMS,True,SYNCED,"['VXNlcjoxMTU0MzAz', 'VXNlcjoxMTU0MzI0']",[]
R3JvdXA6Nzc3MjMx,SUBTEAM.ENTERPRISE,True,SYNCED,"['VXNlcjo1MjAzNzc=', 'VXNlcjo1MjA0MjY=', 'VXNlcjo2NDMyNDY=', 'VXNlcjoxMDExNzY2', 'VXNlcjoxMDYyMDQ2', 'VXNlcjoxMjI2MjE4', 'VXNlcjoxMzI4Mjc4', 'VXNlcjoxMzI4NDAw', 'VXNlcjoxMzM0NjY2', 'VXNlcjoxMzQ4MzI1']",[]
R3JvdXA6Nzc3MjMy,SUBTEAM.PRODUCT_DATA_SCIENCE,True,SYNCED,"['VXNlcjo0NzMxOTU=', 'VXNlcjo1MzI1MjY=', 'VXNlcjo3Mzc4Mjg=', 'VXNlcjoxMTM2OTM5', 'VXNlcjoxMTczMDM4', 'VXNlcjoxMjI2MjIx']",[]
R3JvdXA6Nzc3MjMz,SUBTEAM.COMMERCIAL_ACCOUNT_EXECUTIVE,True,SYNCED,"['VXNlcjo1NDA5NTA=', 'VXNlcjo1NjcxMjA=', 'VXNlcjo1Nzk3MzI=', 'VXNlcjo1OTc2NTk=', 'VXNlcjo2MjA2NTU=', 'VXNlcjo2MzM3NjE=', 'VXNlcjo2MzM3NjI=', 'VXNlcjo2Mzk5OTE=', 'VXNlcjo2NTEwOTM=', 'VXNlcjo2NTMwOTU=', 'VXNlcjo2NTc5MzU=', 'VXNlcjo2ODM3Mjc=', 'VXNlcjo2ODUzOTk=', 'VXNlcjo2ODgyNzQ=', 'VXNlcjo2OTM3MDk=', 'VXNlcjo2OTQzNTU=', 'VXNlcjo2OTQzNjQ=', 'VXNlcjo2OTQzNzk=', 'VXNlcjo2OTQzODY=', 'VXNlcjo2OTQzODg=', 'VXNlcjo2OTQ0MTA=', 'VXNlcjo3NTA2MjQ=', 'VXNlcjo4Mjg2MzM=', 'VXNlcjo4MzQ4NTE=', 'VXNlcjo4Mzk1MTY=', 'VXNlcjo4NDAwNTQ=', 'VXNlcjo4NDE0NDM=', 'VXNlcjo4NDg3NTM=', 'VXNlcjo4NDg4NzQ=', 'VXNlcjo4Njk4MTM=', 'VXNlcjo4NzQzNzM=', 'VXNlcjo5MDc1NjE=', 'VXNlcjo5MDk3MTA=', 'VXNlcjo5MjA5MjU=', 'VXNlcjo5MjM2NTU=', 'VXNlcjo5NTEzMzc=', 'VXNlcjo5NTE0MzY=', 'VXNlcjo5NTMzODA=', 'VXNlcjo5NTMzOTQ=', 'VXNlcjo5Njc4MzI=', 'VXNlcjo5OTYyNTQ=', 'VXNlcjoxMDAwNDYz', 'VXNlcjoxMDExNzc4', 'VXNlcjoxMDI4MDIy', 'VXNlcjoxMDI4MDQ2', 'VXNlcjoxMDM2MjAz', 'VXNlcjoxMDYyMDQy', 'VXNlcjoxMTM5MDA1', 'VXNlcjoxMTM5MDYz', 'VXNlcjoxMTU3MTY3']",[]
R3JvdXA6Nzc3MjM0,SUBTEAM.REVENUE_OPERATIONS,True,SYNCED,"['VXNlcjo1Njg0Mzc=', 'VXNlcjo3NTA4MjU=', 'VXNlcjo3ODc4NzE=', 'VXNlcjo5MDc1NDI=', 'VXNlcjo5MDgwMjc=', 'VXNlcjo5MjQ1NjM=', 'VXNlcjoxMTM1MDI0', 'VXNlcjoxMTM2OTM4', 'VXNlcjoxMTUyODY5', 'VXNlcjoxMTU0MjYy', 'VXNlcjoxMTU3MDQ5', 'VXNlcjoxMTYzOTAx', 'VXNlcjoxMTk0NTgz', 'VXNlcjoxMjI2MjIy', 'VXNlcjoxMjQyMjA0', 'VXNlcjoxMjg0MzU5', 'VXNlcjoxMjk1ODMz', 'VXNlcjoxMzYwOTQ1', 'VXNlcjoxMzgxODk1', 'VXNlcjoxMzkyMTI1']",[]
R3JvdXA6Nzc3MjM1,SUBTEAM.CHIEF_OF_STAFF,True,SYNCED,"['VXNlcjo5MTgzODY=', 'VXNlcjoxMTU0Mjcy', 'VXNlcjoxMTU0Mjg4', 'VXNlcjoxMzE3OTIz']",[]
R3JvdXA6Nzc3MjM2,SUBTEAM.FINANCE_DATA_SCIENCE,True,SYNCED,"['VXNlcjo0NzMxODg=', 'VXNlcjo5MDY1OTA=', 'VXNlcjoxMTM1MDI4', 'VXNlcjoxMTUyNzky', 'VXNlcjoxMTUyNzk3', 'VXNlcjoxMzM0ODI0', 'VXNlcjoxMzM0ODMy', 'VXNlcjoxMzYxMDUy']",[]
R3JvdXA6Nzc3MjM3,SUBTEAM.COLLABORATION,True,SYNCED,[],[]
R3JvdXA6Nzc3MjM4,SUBTEAM.BRAND_AND_CREATIVE,True,SYNCED,"['VXNlcjo5Njg1NTg=', 'VXNlcjoxMjQyNDQx']",[]
R3JvdXA6Nzc3MjM5,SUBTEAM.DETECTION_AND_RESPONSE_TEAM,True,SYNCED,"['VXNlcjozODUwMDI=', 'VXNlcjo1MzU2NDA=', 'VXNlcjo2NjY0OTM=', 'VXNlcjo5MjQ3MzE=']",[]
R3JvdXA6Nzc3MjQw,SUBTEAM.PRODUCT_OPERATIONS,True,SYNCED,"['VXNlcjo1Njg4Njk=', 'VXNlcjo1Njk0NTU=', 'VXNlcjo5MDY4NjY=', 'VXNlcjo5OTUzMjQ=']",[]
R3JvdXA6Nzc3MjQx,SUBTEAM.EXPORTS,True,SYNCED,[],[]
R3JvdXA6Nzc3MjQy,SUBTEAM.LITIGATION,True,SYNCED,['VXNlcjo3Mzc1OTA='],[]
R3JvdXA6Nzc3MjQz,SUBTEAM.INFRASTRUCTURE_SECURITY,True,SYNCED,"['VXNlcjozOTg1Nzk=', 'VXNlcjo0NjY4ODI=', 'VXNlcjo1MjAyNzc=', 'VXNlcjo1MzU2NzE=', 'VXNlcjoxMTM2OTEz']","['UmVzb3VyY2U6MjQ4NDI2Nw==', 'UmVzb3VyY2U6MjQ4NDU2OA==', 'UmVzb3VyY2U6MjQ4NDU3NA==', 'UmVzb3VyY2U6MjU1MTk3NA==', 'UmVzb3VyY2U6MjU1NDQyNg==', 'UmVzb3VyY2U6MzMwNDcwOA==', 'UmVzb3VyY2U6MzQ4NDAxMg==', 'UmVzb3VyY2U6MzQ4NDAxNg==', 'UmVzb3VyY2U6MzQ4NDAyNg==', 'UmVzb3VyY2U6MzQ4NDAyOA==', 'UmVzb3VyY2U6MzQ4NDAzNg==']"
R3JvdXA6Nzc3MjQ0,SUBTEAM.AI_CONNECTORS,True,SYNCED,"['VXNlcjo1MjAyOTI=', 'VXNlcjo1MjAzMDA=', 'VXNlcjo1MjAzMDE=', 'VXNlcjo1MjAzMTU=', 'VXNlcjo1MjAzMTk=', 'VXNlcjo1MjAzODY=', 'VXNlcjo1MjA0MDI=', 'VXNlcjo2MDg5OTQ=', 'VXNlcjo3NjkzMDA=', 'VXNlcjoxMDU5MTYw', 'VXNlcjoxMzEyMzQ2']",[]
R3JvdXA6Nzc3MjQ1,SUBTEAM.BIZ_TECH,True,SYNCED,"['VXNlcjo5MTE1Njg=', 'VXNlcjoxMDUwNDI1', 'VXNlcjoxMTI2Nzg4', 'VXNlcjoxMTI2Nzky', 'VXNlcjoxMTI2Nzk1', 'VXNlcjoxMTQ3MDUx', 'VXNlcjoxMTkwMjEx', 'VXNlcjoxMTkzMzcz', 'VXNlcjoxMjg0MzYy', 'VXNlcjoxMzI4MTk4', 'VXNlcjoxMzI4NDAx']",[]
R3JvdXA6Nzc3MjQ2,SUBTEAM.CONTENT_MARKETING,True,SYNCED,[],[]
R3JvdXA6Nzc3MjQ3,SUBTEAM.PRODUCT_LEGAL,True,SYNCED,"['VXNlcjoxMTU0MjYz', 'VXNlcjoxMTU0MzU0', 'VXNlcjoxMTU0MzU4', 'VXNlcjoxMTU0Mzgz', 'VXNlcjoxMTU0NDAz']",[]
R3JvdXA6Nzc3MjQ4,SUBTEAM.CLOUD_INFRASTRUCTURE,True,SYNCED,"['VXNlcjozOTg1Nzg=', 'VXNlcjo0MzY1MDc=', 'VXNlcjo1NDM1NDY=', 'VXNlcjoxMDI4ODU0', 'VXNlcjoxMTUyODEw', 'VXNlcjoxMTU0NDEx', 'VXNlcjoxMzcyMDUz', 'VXNlcjoxMzkyMDQ2']","['UmVzb3VyY2U6MjQxMzYxNQ==', 'UmVzb3VyY2U6MjQ3MTQxOQ==', 'UmVzb3VyY2U6MjUyMTA5MQ==', 'UmVzb3VyY2U6MjcyMzk1NA==', 'UmVzb3VyY2U6Mjc4MTQ2Mg==', 'UmVzb3VyY2U6MzQ4NDAxOQ==', 'UmVzb3VyY2U6MzQ4NDA0NQ==', 'UmVzb3VyY2U6MzQ4NDA1MA==', 'UmVzb3VyY2U6MzQ4NDA1NQ==']"
R3JvdXA6Nzc3MjQ5,SUBTEAM.PHYSICAL_SECURITY_AND_SAFETY,True,SYNCED,['VXNlcjo5OTIxNTk='],[]
R3JvdXA6Nzc3MjUw,SUBTEAM.CORPORATE_FINANCE,True,SYNCED,"['VXNlcjo1ODczNTc=', 'VXNlcjo4MzQzMjM=', 'VXNlcjoxMzE3OTI0', 'VXNlcjoxMzcyMTE3', 'VXNlcjoxMzkyMTE2']",[]
R3JvdXA6Nzc3MjUx,SUBTEAM.QA,True,SYNCED,"['VXNlcjo1MjAzMTE=', 'VXNlcjo1MjAzMjY=', 'VXNlcjo1MjAzMzE=', 'VXNlcjo1MjAzNDI=', 'VXNlcjo1MjAzOTY=', 'VXNlcjo1MjA0MDQ=', 'VXNlcjo2NTc3Mzg=', 'VXNlcjoxMjYyMTk2']",[]
R3JvdXA6Nzc3MjUy,SUBTEAM.DATA_PRODUCT,True,SYNCED,"['VXNlcjo0NzMxNzM=', 'VXNlcjo1MjAzMDQ=', 'VXNlcjo3ODMxNzQ=', 'VXNlcjo4NDk1MDk=', 'VXNlcjoxMjYyMzgw']",[]
R3JvdXA6Nzc3MjUz,SUBTEAM.ORG_NAV,True,SYNCED,[],[]
R3JvdXA6Nzc3MjU0,SUBTEAM.WEB_PRESENCE,True,SYNCED,"['VXNlcjo1MjM3ODI=', 'VXNlcjo1MjYzNjY=', 'VXNlcjo2ODYzMTg=', 'VXNlcjo2OTc0NjI=', 'VXNlcjoxMzE3ODM5', 'VXNlcjoxMzYwOTQx']",[]
R3JvdXA6Nzc3MjU1,SUBTEAM.ACQUISITION,True,SYNCED,"['VXNlcjo1MjAzMjA=', 'VXNlcjo1MjAzNDc=', 'VXNlcjo1MjAzNTE=', 'VXNlcjo1MjA0MjA=', 'VXNlcjo1MzQwMzY=', 'VXNlcjo1ODExMDI=', 'VXNlcjo5NDc2MDU=', 'VXNlcjo5OTY2MzE=', 'VXNlcjoxMTgzNzA0', 'VXNlcjoxMjI2MjE5', 'VXNlcjoxMzkyMTIx']",[]
R3JvdXA6Nzc3MjU2,SUBTEAM.RECRUITING_OPERATIONS,True,SYNCED,"['VXNlcjoxMTU0Mjcw', 'VXNlcjoxMTU0Mjk3', 'VXNlcjoxMTU0MzE0', 'VXNlcjoxMTU0MzIw', 'VXNlcjoxMTU0MzY3', 'VXNlcjoxMTU0Mzg2', 'VXNlcjoxMTU0Mzk2', 'VXNlcjoxMTU0NDAx', 'VXNlcjoxMzA3MzY5', 'VXNlcjoxMzA3NDU0', 'VXNlcjoxMzA3NDU1', 'VXNlcjoxMzI4MTk3', 'VXNlcjoxMzI4Mzk0', 'VXNlcjoxMzI4Mzk5']",[]
R3JvdXA6Nzc3MjU3,SUBTEAM.PEOPLE_OPERATIONS,True,SYNCED,"['VXNlcjoxMTM5MDA2', 'VXNlcjoxMTU0MTgy', 'VXNlcjoxMTU0MzA1', 'VXNlcjoxMTU0MzEy', 'VXNlcjoxMTU0MzM2', 'VXNlcjoxMjg0MzA0', 'VXNlcjoxMzA3NTYz', 'VXNlcjoxMzkxOTA4']",[]
R3JvdXA6Nzc3MjU4,SUBTEAM.USER_ROLES_AND_PERMISSIONS,True,SYNCED,"['VXNlcjo1MjAyODg=', 'VXNlcjo1ODExMzU=', 'VXNlcjo3ODMxNTU=', 'VXNlcjo4Mjg1ODY=', 'VXNlcjoxMzM0ODE0']",[]
R3JvdXA6Nzc3MjU5,SUBTEAM.MOBILE,True,SYNCED,"['VXNlcjo1MjAyODY=', 'VXNlcjo1MjAyOTM=', 'VXNlcjo1MjAyOTY=', 'VXNlcjo1MjAzNzI=', 'VXNlcjo1MjAzNzM=', 'VXNlcjo1MjAzOTM=', 'VXNlcjo1MjAzOTg=', 'VXNlcjo1MjA0MDA=', 'VXNlcjo1MjA0MDU=', 'VXNlcjo1MjA0MDY=', 'VXNlcjo1MjA0MjM=', 'VXNlcjo2MTMwMjY=', 'VXNlcjo2NDE4NzM=', 'VXNlcjo3MDE5NzU=', 'VXNlcjo3Nzk5Njg=', 'VXNlcjo4NDg3MDY=', 'VXNlcjo4NjIzMDU=', 'VXNlcjo4NjcxMjU=', 'VXNlcjo5MTkwMjY=', 'VXNlcjo5MjUyNjM=', 'VXNlcjo5NDczNjk=', 'VXNlcjoxMDExNzU3', 'VXNlcjoxMTM5MDQ3', 'VXNlcjoxMzYwOTQw', 'VXNlcjoxMzkyMDQ3']",[]
R3JvdXA6Nzc3MjYw,SUBTEAM.EXECUTIVE_OPERATIONS_ENGINEERING,True,SYNCED,['VXNlcjo0NzMxOTQ='],[]
R3JvdXA6Nzc3MjYx,SUBTEAM.EXECUTIVE_OPERATIONS_SALES,True,SYNCED,"['VXNlcjo2OTQzNDk=', 'VXNlcjo2OTQzNjg=', 'VXNlcjoxMzQ3Nzk4']",[]
R3JvdXA6Nzc3MjYy,SUBTEAM.CHIEF_OF_STAFF_MARKETING,True,SYNCED,[],[]
R3JvdXA6Nzc3MjYz,SUBTEAM.EXECUTIVE_OPERATIONS_PRODUCT,True,SYNCED,['VXNlcjo1NzI0NzA='],[]
R3JvdXA6Nzc3MjY0,SUBTEAM.CHIEF_OF_STAFF_SALES,True,SYNCED,['VXNlcjo5MTgzODY='],[]
R3JvdXA6Nzc3MjY1,SUBTEAM.CHIEF_OF_STAFF_PEOPLE,True,SYNCED,"['VXNlcjoxMTU0Mjcy', 'VXNlcjoxMTU0Mjg4', 'VXNlcjoxMzE3OTIz']",[]
R3JvdXA6Nzc3MjY2,SUBTEAM.PEOPLE,True,SYNCED,"['VXNlcjoxMTU0MzM0', 'VXNlcjoxMTU0MzY0', 'VXNlcjoxMTU0Mzc1', 'VXNlcjoxMjYyMzc5', 'VXNlcjoxMjYyMzgz', 'VXNlcjoxMzI4Mzk4']",[]
R3JvdXA6Nzc3MjY3,SUBTEAM.EXECUTIVE_OPERATIONS_PEOPLE,True,SYNCED,[],[]
R3JvdXA6Nzc3MjY4,SUBTEAM.EXECUTIVE_OPERATIONS_FINANCE,True,SYNCED,['VXNlcjoxMTU0MzI5'],[]
R3JvdXA6Nzc3MjY5,SUBTEAM.DESKTOP_INFRASTRUCTURE,True,SYNCED,"['VXNlcjo1MjAzMzU=', 'VXNlcjo1MjAzODg=', 'VXNlcjo4NzAzNjE=', 'VXNlcjoxMDE0Mjgx', 'VXNlcjoxMDUwNDI0', 'VXNlcjoxMzM0ODI5']",[]
R3JvdXA6Nzc3Mjcw,SUBTEAM.ENG_AUTOMATION,True,SYNCED,[],[]
R3JvdXA6Nzc3Mjcx,SUBTEAM.SOCIAL_AND_INFLUENCER,True,SYNCED,"['VXNlcjo2OTY3Mzc=', 'VXNlcjoxMjAwNTgz', 'VXNlcjoxMzQ3ODU0']",[]
R3JvdXA6Nzc3Mjcy,SUBTEAM.STORYTELLING,True,SYNCED,"['VXNlcjoxMTM5MDUx', 'VXNlcjoxMTM5MDUy', 'VXNlcjoxMjg0NDYy', 'VXNlcjoxMzE5NTIw', 'VXNlcjoxMzI5NTAx']",[]
R3JvdXA6Nzc3Mjcz,SUBTEAM.AI_PRODUCT,True,SYNCED,"['VXNlcjo0NzMyOTI=', 'VXNlcjo1MjAyNzI=', 'VXNlcjo1MjA0MDc=', 'VXNlcjo2MDM2NjA=', 'VXNlcjo2ODQzNjY=', 'VXNlcjo3Njk2MzQ=', 'VXNlcjo5MTkxMDc=', 'VXNlcjo5OTE5NDE=', 'VXNlcjoxMzcyMDUy']",[]
R3JvdXA6Nzc3Mjc1,SUBTEAM.AI_MEETINGS,True,SYNCED,"['VXNlcjo1MTQ2ODk=', 'VXNlcjo1MTkzNTc=', 'VXNlcjo4MjIxMDk=', 'VXNlcjoxMDM2MjA2', 'VXNlcjoxMzM0ODI3']",[]
R3JvdXA6Nzc3Mjc2,SUBTEAM.COLLECTIONS_EXPERIENCE,True,SYNCED,"['VXNlcjo1MjAyOTA=', 'VXNlcjo1MjA0Mjc=', 'VXNlcjo2NzU5NzE=', 'VXNlcjo4NjMwNjk=', 'VXNlcjo5MDY3NjI=', 'VXNlcjo5MTkwMzY=', 'VXNlcjo5OTUzMzY=', 'VXNlcjoxMzM0ODE5', 'VXNlcjoxMzM0ODI4']",[]
R3JvdXA6Nzc3Mjc3,SUBTEAM.AI_DATA_SPECIALISTS,True,SYNCED,"['VXNlcjo0NzMxOTk=', 'VXNlcjo1NTY1NjQ=', 'VXNlcjo1NzI0Njc=', 'VXNlcjo1OTc4MzI=', 'VXNlcjo5MjA1NjM=', 'VXNlcjoxMzcyMDU0']",[]
R3JvdXA6Nzc3Mjc4,SUBTEAM.SEARCH_PRODUCT,True,SYNCED,"['VXNlcjo1MTgyNzk=', 'VXNlcjo1MjAzNDA=', 'VXNlcjo1NzI0ODI=']",[]
R3JvdXA6Nzc3Mjc5,SUBTEAM.PUBLIC_API,True,SYNCED,"['VXNlcjo2MDEzMTU=', 'VXNlcjo2ODYyMzg=', 'VXNlcjo5NDg3NTQ=', 'VXNlcjoxMDUwNDI3']",[]
R3JvdXA6Nzc3Mjgw,SUBTEAM.AJAX,True,SYNCED,"['VXNlcjo4Mjg3Mjg=', 'VXNlcjo5NTM3MTk=', 'VXNlcjo5NTM3Mjg=']",[]
R3JvdXA6Nzc3Mjgx,SUBTEAM.TEAMWORK,True,SYNCED,['VXNlcjoxMzM0ODMw'],[]
R3JvdXA6Nzc3OTIw,TEAM.ENTERPRISE.EMPLOYEE,True,SYNCED,"['VXNlcjo0NzMyODk=', 'VXNlcjo1MjAyODg=', 'VXNlcjo1MjAzMTI=', 'VXNlcjo1MjAzNzc=', 'VXNlcjo1MjAzNzg=', 'VXNlcjo1MjAzODQ=', 'VXNlcjo1MjAzOTE=', 'VXNlcjo1MjAzOTI=', 'VXNlcjo1MjA0MTg=', 'VXNlcjo1MjA0MjY=', 'VXNlcjo1MjMzNjM=', 'VXNlcjo1NTU0Njk=', 'VXNlcjo1NjAxNzQ=', 'VXNlcjo1ODExMzU=', 'VXNlcjo2NDMyNDY=', 'VXNlcjo3MjI3MDk=', 'VXNlcjo3ODMxNTU=', 'VXNlcjo4Mjg1ODY=', 'VXNlcjo4NDA0NjY=', 'VXNlcjo4OTU0NTE=', 'VXNlcjo4OTY5NzQ=', 'VXNlcjo5MDc5OTU=', 'VXNlcjo5MjU2MTA=', 'VXNlcjoxMDExNzY2', 'VXNlcjoxMDYyMDQ2', 'VXNlcjoxMDYyNzMz', 'VXNlcjoxMjI2MjE4', 'VXNlcjoxMjc0NjI2', 'VXNlcjoxMzI4Mjc4', 'VXNlcjoxMzI4NDAw', 'VXNlcjoxMzM0NjY2', 'VXNlcjoxMzM0ODE0', 'VXNlcjoxMzQ4MzI1']",[]
R3JvdXA6Nzc3OTIx,SUBTEAM.CONTENT_ONBOARDING,True,SYNCED,"['VXNlcjo1MjAzNzg=', 'VXNlcjo1MjAzODQ=', 'VXNlcjo1MjAzOTI=', 'VXNlcjo1MjMzNjM=', 'VXNlcjo1NjAxNzQ=', 'VXNlcjo3MjI3MDk=', 'VXNlcjo4OTU0NTE=', 'VXNlcjo5MDc5OTU=', 'VXNlcjo5MjU2MTA=', 'VXNlcjoxMjc0NjI2']",[]
R3JvdXA6Nzc3OTIy,SUBTEAM.WORKSPACE_ARCHITECTURE,True,SYNCED,"['VXNlcjo0NzMyODk=', 'VXNlcjo1MjAzMTI=', 'VXNlcjo1MjAzOTE=', 'VXNlcjo1MjA0MTg=', 'VXNlcjo1NTU0Njk=', 'VXNlcjo4NDA0NjY=', 'VXNlcjo4OTY5NzQ=', 'VXNlcjoxMDYyNzMz']",[]
R3JvdXA6Nzc3OTIz,TEAM.ENTERPRISE.CONTINGENT,True,SYNCED,[],[]
R3JvdXA6ODAwNTY2,TEAM.TELEPERFORMANCE_SUPPORT,True,SYNCED,"['VXNlcjo2MjY4Mjc=', 'VXNlcjo2MjY4MzA=', 'VXNlcjo2MjY4MzE=', 'VXNlcjo2NTI0MDA=', 'VXNlcjo2NTI0MDI=', 'VXNlcjo2NTI0MDM=', 'VXNlcjo2NTI0MDQ=', 'VXNlcjo2NTI0MDY=', 'VXNlcjo2NTI0MDk=', 'VXNlcjo2NTI0MTA=', 'VXNlcjo2NTI0MTI=', 'VXNlcjo2NTI0MTY=', 'VXNlcjo2NTI0MTc=', 'VXNlcjo2NTI0MTk=', 'VXNlcjo2NTI0MjE=', 'VXNlcjo2NTI0MjI=', 'VXNlcjo2NTI0MjM=', 'VXNlcjo2NTI0Mjc=', 'VXNlcjo2NTI0Mjk=', 'VXNlcjo2NTI0MzE=', 'VXNlcjo2NTI0MzM=', 'VXNlcjo2NTI0MzU=', 'VXNlcjo2NTI0MzY=', 'VXNlcjo2NTI0Mzc=', 'VXNlcjo2NTI0Mzk=', 'VXNlcjo2NTI0NDE=', 'VXNlcjo2NTI0NDc=', 'VXNlcjo2NTI0NDk=', 'VXNlcjo2NTI0NTA=', 'VXNlcjo2NTI0NTI=', 'VXNlcjo2NTI0NTM=', 'VXNlcjo2NTI0NTg=', 'VXNlcjo2NTI0NjA=', 'VXNlcjo2NTI0NjE=', 'VXNlcjo2NTI0NzQ=', 'VXNlcjo2NTI0Nzk=', 'VXNlcjo2NTI0OTE=', 'VXNlcjo2NTI0OTQ=', 'VXNlcjo2NTI0OTk=', 'VXNlcjo2NTI1MDg=', 'VXNlcjo2NTI1MTA=', 'VXNlcjo2NTI1MTI=', 'VXNlcjo2NTI1MTQ=', 'VXNlcjo2NTI1MTY=', 'VXNlcjo2NTI1MTc=', 'VXNlcjo2NTI1MjI=', 'VXNlcjo2ODY0Nzk=', 'VXNlcjo2OTQ3NzU=', 'VXNlcjo3MTgzNDc=', 'VXNlcjo3MTgzNTQ=']",[]
R3JvdXA6ODAyNDYw,SUBTEAM.AI_PLATFORM,True,SYNCED,"['VXNlcjo0NTk5ODc=', 'VXNlcjo0NzMxNzk=', 'VXNlcjo1MjAyOTc=', 'VXNlcjo1MjAzMDc=', 'VXNlcjo1NjAxMTE=', 'VXNlcjo2NTcyNDg=', 'VXNlcjoxMzA3NTYy']",[]
R3JvdXA6ODAyNDYx,SUBTEAM.DATA_PLATFORM_AI_OPERATIONAL_EXCELLENCE,True,SYNCED,['VXNlcjo1MDM2NjA='],[]
R3JvdXA6ODA0Mzk4,DART_Exempt,True,MANUAL,"['VXNlcjo1MjA0MTI=', 'VXNlcjo2NjY0OTM=']",[]
R3JvdXA6ODA0ODEx,SUBTEAM.CX.PRODUCT.SUPPORT.APAC,True,SYNCED,[],[]
R3JvdXA6ODA0ODEy,SUBTEAM.CX.SUPPORT.LEADS,True,SYNCED,[],[]
R3JvdXA6ODA0ODEz,SUBTEAM.CX.PRODUCT.SUPPORT.HYD,True,SYNCED,[],[]
R3JvdXA6ODA0ODE0,SUBTEAM.CX.PRODUCT.SUPPORT.EMEA,True,SYNCED,[],[]
R3JvdXA6ODA0ODE1,SUBTEAM.CX.ENTERPRISE.SUPPORT,True,SYNCED,[],[]
R3JvdXA6ODA0ODE2,SUBTEAM.CX.BILLING.SUPPORT.AMER,True,SYNCED,[],[]
R3JvdXA6ODA0ODE3,SUBTEAM.CX.ENTERPRISE.SUPPORT.APAC,True,SYNCED,[],[]
R3JvdXA6ODA0ODE4,SUBTEAM.CX.BILLING.SUPPORT.HYD,True,SYNCED,[],[]
R3JvdXA6ODA0ODE5,SUBTEAM.CX.PREMIUM.SUPPORT.AMER,True,SYNCED,[],[]
R3JvdXA6ODA0ODIw,SUBTEAM.CX.BILLING.SUPPORT,True,SYNCED,[],[]
R3JvdXA6ODA0ODIx,SUBTEAM.CX.PREMIUM.SUPPORT.APAC,True,SYNCED,[],[]
R3JvdXA6ODA0ODIy,SUBTEAM.CX.PRODUCT.SUPPORT,True,SYNCED,[],[]
R3JvdXA6ODA0ODIz,SUBTEAM.CX.PRODUCT.SUPPORT.AMER,True,SYNCED,[],[]
R3JvdXA6ODA0ODI0,SUBTEAM.CX.BILLING.SUPPORT.EMEA,True,SYNCED,[],[]
R3JvdXA6ODA0ODI1,SUBTEAM.CX.PREMIUM.SUPPORT.HYD,True,SYNCED,[],[]
R3JvdXA6ODA0ODI2,SUBTEAM.CX.ENTERPRISE.SUPPORT.HYD,True,SYNCED,[],[]
R3JvdXA6ODA0ODI3,SUBTEAM.CX.BILLING.SUPPORT.APAC,True,SYNCED,[],[]
R3JvdXA6ODA0ODI4,SUBTEAM.CX.ENTERPRISE.SUPPORT.AMER,True,SYNCED,[],[]
R3JvdXA6ODA0ODI5,SUBTEAM.CX.SUPPORT.LEADS.APAC,True,SYNCED,[],[]
R3JvdXA6ODA0ODMw,SUBTEAM.CX.SUPPORT.LEADS.HYD,True,SYNCED,[],[]
R3JvdXA6ODA0ODMx,SUBTEAM.CX.PREMIUM.SUPPORT,True,SYNCED,[],[]
R3JvdXA6ODA0ODMy,SUBTEAM.CX.SUPPORT.LEADS.EMEA,True,SYNCED,[],[]
R3JvdXA6ODA0ODMz,SUBTEAM.CX.SUPPORT.LEADS.AMER,True,SYNCED,[],[]
R3JvdXA6ODA0ODM0,SUBTEAM.CX.PREMIUM.SUPPORT.EMEA,True,SYNCED,[],[]
R3JvdXA6ODA0ODM1,SUBTEAM.CX.ENABLEMENT,True,SYNCED,[],[]
R3JvdXA6ODA0ODM2,SUBTEAM.CX.ENTERPRISE.SUPPORT.EMEA,True,SYNCED,[],[]
R3JvdXA6ODEwMjU4,SUBTEAM.AI_WORKFLOWS,True,SYNCED,"['VXNlcjo0NzMyODU=', 'VXNlcjo1MjAyNzA=', 'VXNlcjo1MjAzODE=', 'VXNlcjo1MjAzODM=', 'VXNlcjo1ODE0NDA=', 'VXNlcjo2ODYyMzQ=', 'VXNlcjo3Njk1MjY=', 'VXNlcjo4NjcwNjE=', 'VXNlcjo5OTg4OTg=', 'VXNlcjoxMTM5MDQ4', 'VXNlcjoxMzM0NjY1']",[]
R3JvdXA6ODExMjQz,Twingate - Access - Snowflake,True,SYNCED,"['VXNlcjo1OTkyNzg=', 'VXNlcjoxMTQyNzkw', 'VXNlcjoxMTQ2OTkz', 'VXNlcjoxMTU0MTM0', 'VXNlcjoxMTY1ODk4', 'VXNlcjoxMTk2MjIy', 'VXNlcjoxMzEyNTE3', 'VXNlcjoxMzI4MTk1', 'VXNlcjoxMzYxMDQ3', 'VXNlcjoxMzcyMTEz', 'VXNlcjoxMzgyMDE3']","['UmVzb3VyY2U6MjM1ODg2Mg==', 'UmVzb3VyY2U6MjM1ODg2OA==', 'UmVzb3VyY2U6MzI1MDI4MA==', 'UmVzb3VyY2U6MzMyMDkxOQ==', 'UmVzb3VyY2U6MzQ4NDAyMg==', 'UmVzb3VyY2U6MzQ4NDAzNQ==', 'UmVzb3VyY2U6MzQ4NDA0MQ==', 'UmVzb3VyY2U6MzQ4NDA1NA==']"
R3JvdXA6ODEyNTE3,TEAM.DATA_PLATFORM_AI_OPERATIONAL_EXCELLENCE.EMPLOYEE,True,SYNCED,"['VXNlcjo0NTk0MjU=', 'VXNlcjo0NzMxNzM=', 'VXNlcjo0NzMxNzU=', 'VXNlcjo0NzMyODM=', 'VXNlcjo1MDM2NjA=', 'VXNlcjo1MjAzMDQ=', 'VXNlcjo1MjQwMTU=', 'VXNlcjo2MDk2ODU=', 'VXNlcjo3MjYxODE=', 'VXNlcjo3ODMxNzQ=', 'VXNlcjo4NDk1MDk=', 'VXNlcjo5MDk3NzE=', 'VXNlcjoxMTI0OTQ4', 'VXNlcjoxMTI2Nzg2', 'VXNlcjoxMTI2Nzk0', 'VXNlcjoxMTI2Nzk5', 'VXNlcjoxMTk0NTY4', 'VXNlcjoxMjYyMzgw', 'VXNlcjoxMjg0MzYx', 'VXNlcjoxMzE3OTI2', 'VXNlcjoxMzE3OTMw', 'VXNlcjoxMzI4NDAx', 'VXNlcjoxMzM0ODI2', 'VXNlcjoxMzYxMDU0']",[]
R3JvdXA6ODEyNjMz,SUBTEAM.AI_ENABLEMENT_ENG,True,SYNCED,"['VXNlcjo0NTk0MjU=', 'VXNlcjo1MDM2NjA=', 'VXNlcjo2MDk2ODU=', 'VXNlcjoxMTk0NTY4', 'VXNlcjoxMzM0ODI2']",[]
R3JvdXA6ODE0MjIx,TEAM.AI_SOLUTIONS_ENGINEERING.CONTINGENT,True,SYNCED,[],[]
R3JvdXA6ODE0MjIy,TEAM.AI_SOLUTIONS_ENGINEERING.EMPLOYEE,True,SYNCED,['VXNlcjoxMjg0MzA5'],[]
R3JvdXA6ODE0NDMw,TEAM.DATA_PLATFORM_AI_OPERATIONAL_EXCELLENCE.CONTINGENT,True,SYNCED,"['VXNlcjoxMTU0MTQ3', 'VXNlcjoxMTU0MjE5', 'VXNlcjoxMzY2NTk1']",[]
R3JvdXA6ODE1OTQ2,TEAM.DEVELOPER_PLATFORM.EMPLOYEE,True,SYNCED,"['VXNlcjo1MjAyOTI=', 'VXNlcjo1MjAzMDA=', 'VXNlcjo1MjAzMDE=', 'VXNlcjo1MjAzMTU=', 'VXNlcjo1MjAzMTk=', 'VXNlcjo1MjAzNjc=', 'VXNlcjo1MjAzNjk=', 'VXNlcjo1MjAzNzA=', 'VXNlcjo1MjAzNzE=', 'VXNlcjo1MjAzODY=', 'VXNlcjo1MjA0MDI=', 'VXNlcjo1ODExMjA=', 'VXNlcjo2MDEzMTU=', 'VXNlcjo2MDg5OTQ=', 'VXNlcjo2ODYyMzg=', 'VXNlcjo3NjkzMDA=', 'VXNlcjo4Mjg3Mjg=', 'VXNlcjo4NjcwMTg=', 'VXNlcjo5NDg3NTQ=', 'VXNlcjo5NTE0MjE=', 'VXNlcjo5NTM3MTk=', 'VXNlcjo5NTM3Mjg=', 'VXNlcjoxMDA3NDky', 'VXNlcjoxMDUwNDI3', 'VXNlcjoxMDU5MTYw', 'VXNlcjoxMDYyMDQ5', 'VXNlcjoxMjg0NDYw', 'VXNlcjoxMzEyMzQ2', 'VXNlcjoxMzcyMDUw']",[]
R3JvdXA6ODE1OTQ3,TEAM.DEVELOPER_PLATFORM.CONTINGENT,True,SYNCED,[],[]
R3JvdXA6ODE1OTQ4,SUBTEAM.DEVELOPER_PLATFORM,True,SYNCED,"['VXNlcjo1MjAzNjc=', 'VXNlcjo1MjAzNjk=', 'VXNlcjo1MjAzNzA=', 'VXNlcjo1MjAzNzE=', 'VXNlcjo1ODExMjA=', 'VXNlcjo2MDEzMTU=', 'VXNlcjo2ODYyMzg=', 'VXNlcjo4NjcwMTg=', 'VXNlcjo5NDg3NTQ=', 'VXNlcjo5NTE0MjE=', 'VXNlcjoxMDA3NDky', 'VXNlcjoxMDUwNDI3', 'VXNlcjoxMDYyMDQ5', 'VXNlcjoxMjg0NDYw', 'VXNlcjoxMzcyMDUw']",[]
R3JvdXA6ODE2NTgy,SUBTEAM.SEARCH,True,SYNCED,"['VXNlcjo0NzMyODY=', 'VXNlcjo1MTgyNzk=', 'VXNlcjo1MjAzNDA=', 'VXNlcjo1NzI0ODI=', 'VXNlcjo5NjAwNTg=', 'VXNlcjoxMzkyMDUw']",[]
R3JvdXA6ODIyNTYw,BBOGAERT.WINDOWS.DEV.GROUP,True,MANUAL,['VXNlcjoxMjg0NDU5'],"['UmVzb3VyY2U6MzQ0MTIwNw==', 'UmVzb3VyY2U6MzQ4NDAwOA==']"
R3JvdXA6ODIzMzEz,JSCHEIRER.WINDOWS.DEV.GROUP,True,MANUAL,['VXNlcjo4NzAzNjE='],"['UmVzb3VyY2U6MzQ0NDcyNg==', 'UmVzb3VyY2U6MzQ4NDAxMQ==']"
R3JvdXA6ODIzMzE0,ABHAY.WINDOWS.DEV.GROUP,True,MANUAL,['VXNlcjo1MjAzODg='],"['UmVzb3VyY2U6MzQ0NDcyMw==', 'UmVzb3VyY2U6MzQ4NDAwNw==']"
R3JvdXA6ODI1OTQ1,JMORRIS.WINDOWS.DEV.GROUP,True,MANUAL,['VXNlcjo4Mzk1NTc='],"['UmVzb3VyY2U6MzQ2OTcxMg==', 'UmVzb3VyY2U6MzQ4NDAwNg==']"
R3JvdXA6ODI3NzQ2,Twingate - Access - Salestino,True,SYNCED,"['VXNlcjozODQ5ODI=', 'VXNlcjozODUwMDI=', 'VXNlcjozOTg1NzY=', 'VXNlcjozOTg1Nzg=', 'VXNlcjozOTg1Nzk=', 'VXNlcjozOTg1ODQ=', 'VXNlcjo0MDM2NDc=', 'VXNlcjo0MDgyODE=', 'VXNlcjo0MDgyODI=', 'VXNlcjo0MDgyODM=', 'VXNlcjo0MDg0MDY=', 'VXNlcjo0MzY1MDY=', 'VXNlcjo0MzY1MDc=', 'VXNlcjo0MzY1MDg=', 'VXNlcjo0MzY1MDk=', 'VXNlcjo0MzY1MTA=', 'VXNlcjo0NTk0MTg=', 'VXNlcjo0NTk0MTk=', 'VXNlcjo0NTk0MjA=', 'VXNlcjo0NTk0MjM=', 'VXNlcjo0NTk0MjQ=', 'VXNlcjo0NTk0MjU=', 'VXNlcjo0NTk0Mjc=', 'VXNlcjo0NTk5ODc=', 'VXNlcjo0NjY4Nzg=', 'VXNlcjo0NjY4ODI=', 'VXNlcjo0NzE2MjI=', 'VXNlcjo0NzI2MTg=', 'VXNlcjo0NzMxNzM=', 'VXNlcjo0NzMxNzU=', 'VXNlcjo0NzMxNzY=', 'VXNlcjo0NzMxNzk=', 'VXNlcjo0NzMxODg=', 'VXNlcjo0NzMxOTM=', 'VXNlcjo0NzMxOTQ=', 'VXNlcjo0NzMxOTU=', 'VXNlcjo0NzMxOTg=', 'VXNlcjo0NzMxOTk=', 'VXNlcjo0NzMyMDE=', 'VXNlcjo0NzMyMDI=', 'VXNlcjo0NzMyMDM=', 'VXNlcjo0NzMyMDU=', 'VXNlcjo0NzMyODI=', 'VXNlcjo0NzMyODM=', 'VXNlcjo0NzMyODU=', 'VXNlcjo0NzMyODY=', 'VXNlcjo0NzMyODg=', 'VXNlcjo0NzMyODk=', 'VXNlcjo0NzMyOTA=', 'VXNlcjo0NzMyOTE=']","['UmVzb3VyY2U6MzQ4NDA0Mg==', 'UmVzb3VyY2U6MzQ4NDA0Ng==']"
R3JvdXA6ODM5ODM0,TEAM.CORPORATE_SYSTEMS.EMPLOYEE,True,SYNCED,"['VXNlcjo5MTE1Njg=', 'VXNlcjoxMTI2Nzg4', 'VXNlcjoxMTI2Nzky', 'VXNlcjoxMTI2Nzk1', 'VXNlcjoxMTkwMjEx', 'VXNlcjoxMjg0MzYy', 'VXNlcjoxMzI4MTk4']",[]
R3JvdXA6ODM5ODM1,SUBTEAM.FOUNDATION_DATA_ENGINEERING,True,SYNCED,"['VXNlcjo0NTk0MTk=', 'VXNlcjo0NTk0MjM=', 'VXNlcjo2ODY0MTE=', 'VXNlcjoxMTUyNzk1', 'VXNlcjoxMjI2MjIw']",[]
R3JvdXA6ODM5ODM2,SUBTEAM.CORPORATE_SYSTEMS,True,SYNCED,"['VXNlcjo5MTE1Njg=', 'VXNlcjoxMTI2Nzg4', 'VXNlcjoxMTI2Nzky', 'VXNlcjoxMTI2Nzk1', 'VXNlcjoxMTkwMjEx', 'VXNlcjoxMjg0MzYy', 'VXNlcjoxMzI4MTk4']",[]
R3JvdXA6ODM5ODM3,TEAM.DATA_AI_TRANSFORMATION.CONTINGENT,True,SYNCED,[],[]
R3JvdXA6ODM5ODM4,SUBTEAM.DATA_INFRASTRUCTURE,True,SYNCED,"['VXNlcjo0NTk0MjQ=', 'VXNlcjo2ODY0MTI=', 'VXNlcjo5MDc1NDk=', 'VXNlcjoxMzM0ODE3', 'VXNlcjoxMzQ4NzQw']",[]
R3JvdXA6ODM5ODM5,TEAM.CORPORATE_SYSTEMS.CONTINGENT,True,SYNCED,"['VXNlcjoxMTU0MDk0', 'VXNlcjoxMTU0MTA4', 'VXNlcjoxMTU0MTE1', 'VXNlcjoxMTU0MTE2', 'VXNlcjoxMTgzMjA5']",[]
R3JvdXA6ODM5ODQw,SUBTEAM.MOBILE_PLATFORM,True,SYNCED,"['VXNlcjo1MjAzOTg=', 'VXNlcjo1MjA0MDA=', 'VXNlcjo1MjA0MDU=', 'VXNlcjo2NDE4NzM=', 'VXNlcjo4NjIzMDU=', 'VXNlcjoxMTM5MDQ3']",[]
R3JvdXA6ODM5ODQx,SUBTEAM.HYD_INFRASTRUCTURE,True,SYNCED,"['VXNlcjo0NzMyOTM=', 'VXNlcjo1MjAzODI=', 'VXNlcjo1MjAzOTc=', 'VXNlcjoxMjk1Njk0']",[]
R3JvdXA6ODM5ODQy,SUBTEAM.GTM_DATA_ENGINEERING,True,SYNCED,"['VXNlcjo0NTk0Mjc=', 'VXNlcjo2NzU5Mjk=', 'VXNlcjo2ODYzMjg=', 'VXNlcjoxMDMwMDY3', 'VXNlcjoxMTM2OTU4', 'VXNlcjoxMTgzNjkx']",[]
R3JvdXA6ODM5ODQz,SUBTEAM.SYSTEMS_ENGINEERING,True,SYNCED,"['VXNlcjoxMTI0OTQ4', 'VXNlcjoxMTI2Nzg2', 'VXNlcjoxMTI2Nzk0', 'VXNlcjoxMTI2Nzk5', 'VXNlcjoxMjg0MzYx', 'VXNlcjoxMzE3OTI2', 'VXNlcjoxMzE3OTMw', 'VXNlcjoxMzI4NDAx']",[]
R3JvdXA6ODM5ODQ0,SUBTEAM.MOBILE_AI,True,SYNCED,"['VXNlcjo1MjAyODY=', 'VXNlcjo1MjAyOTM=', 'VXNlcjo1MjAyOTY=', 'VXNlcjo1MjAzNzI=', 'VXNlcjo1MjAzNzM=', 'VXNlcjo5MjUyNjM=', 'VXNlcjoxMDExNzU3']",[]
R3JvdXA6ODM5ODQ1,SUBTEAM.PRODUCT_DATA_ENGINEERING,True,SYNCED,"['VXNlcjo0NTk0MjA=', 'VXNlcjo5MTkwODM=']",[]
R3JvdXA6ODM5ODQ2,SUBTEAM.MOBILE_CORE_PRODUCT,True,SYNCED,"['VXNlcjo1MjAzOTM=', 'VXNlcjo1MjA0MDY=', 'VXNlcjo1MjA0MjM=', 'VXNlcjo2MTMwMjY=', 'VXNlcjo3MDE5NzU=', 'VXNlcjo3Nzk5Njg=', 'VXNlcjo4NDg3MDY=', 'VXNlcjo5MTkwMjY=', 'VXNlcjo5NDczNjk=']",[]
R3JvdXA6ODM5ODQ3,TEAM.DATA_AI_TRANSFORMATION.EMPLOYEE,True,SYNCED,['VXNlcjo1NTcwNTg='],[]
R3JvdXA6ODQzMTA0,TEAM.PRODUCT_MOBILE_FOUNDATIONS.CONTINGENT,True,SYNCED,[],[]
R3JvdXA6ODQzMTA1,SUBTEAM.COLLECTIONS_INFRASTRUCTURE,True,SYNCED,"['VXNlcjo0MzY1MDY=', 'VXNlcjo1MjAyNzE=', 'VXNlcjo1MjAyNzQ=', 'VXNlcjo1MjAzMTM=', 'VXNlcjo1MjAzNDk=', 'VXNlcjo1MjAzNTg=', 'VXNlcjo1MjAzOTA=', 'VXNlcjo1OTAzMTE=', 'VXNlcjoxMzQ4NzUw', 'VXNlcjoxMzkyMTIw']",[]
R3JvdXA6ODQzMTA2,TEAM.PRODUCT_MOBILE_FOUNDATIONS.EMPLOYEE,True,SYNCED,"['VXNlcjo0MzY1MDY=', 'VXNlcjo0ODI0ODY=', 'VXNlcjo0ODI0ODg=', 'VXNlcjo0ODI0OTA=', 'VXNlcjo0ODI0OTE=', 'VXNlcjo0ODgzMzE=', 'VXNlcjo1MjAyMjI=', 'VXNlcjo1MjAyNzE=', 'VXNlcjo1MjAyNzQ=', 'VXNlcjo1MjAyNzg=', 'VXNlcjo1MjAyODE=', 'VXNlcjo1MjAyODM=', 'VXNlcjo1MjAyODY=', 'VXNlcjo1MjAyOTM=', 'VXNlcjo1MjAyOTY=', 'VXNlcjo1MjAzMDk=', 'VXNlcjo1MjAzMTM=', 'VXNlcjo1MjAzMzU=', 'VXNlcjo1MjAzMzY=', 'VXNlcjo1MjAzNDk=', 'VXNlcjo1MjAzNTg=', 'VXNlcjo1MjAzNjA=', 'VXNlcjo1MjAzNzI=', 'VXNlcjo1MjAzNzM=', 'VXNlcjo1MjAzODg=', 'VXNlcjo1MjAzOTA=', 'VXNlcjo1MjAzOTM=', 'VXNlcjo1MjAzOTg=', 'VXNlcjo1MjA0MDA=', 'VXNlcjo1MjA0MDU=', 'VXNlcjo1MjA0MDY=', 'VXNlcjo1MjA0MDg=', 'VXNlcjo1MjA0MjM=', 'VXNlcjo1ODU5ODM=', 'VXNlcjo1OTAzMTE=', 'VXNlcjo2MTIzMDI=', 'VXNlcjo2MTMwMjY=', 'VXNlcjo2NDE4NzM=', 'VXNlcjo2NDQ5OTI=', 'VXNlcjo2NTE5MzU=', 'VXNlcjo2NTMyMTM=', 'VXNlcjo3MDE5NzU=', 'VXNlcjo3MDQ3Nzg=', 'VXNlcjo3MTc1Mzk=', 'VXNlcjo3NDA0ODA=', 'VXNlcjo3Njk1NTU=', 'VXNlcjo3Nzk5Njg=', 'VXNlcjo4NDg3MDY=', 'VXNlcjo4NDg4NzU=', 'VXNlcjo4NjIzMDU=']",[]
R3JvdXA6ODQ0MjQ5,Twingate - Access - Apps,True,SYNCED,['VXNlcjo1OTc4Mzg='],['UmVzb3VyY2U6MzQ4NDAzOQ==']
R3JvdXA6ODQ2MzI0,Twingate - Access - Boxy Controller,True,SYNCED,[],[]
R3JvdXA6ODQ5Njc1,Twingate - Access - Coop,True,SYNCED,"['VXNlcjo2MjY4Mjc=', 'VXNlcjo2NTI0MDI=', 'VXNlcjo2NTI0MzU=', 'VXNlcjo2NTI0NDE=', 'VXNlcjo2NTI0OTQ=', 'VXNlcjo3MTgzNDc=', 'VXNlcjo3MTgzNjY=', 'VXNlcjoxMTg5ODc5']",['UmVzb3VyY2U6MzUxODc4Mw==']
R3JvdXA6ODU0NDQ2,SUBTEAM.MODEL_RESEARCH,True,SYNCED,"['VXNlcjoxMzg3NTY3', 'VXNlcjoxMzg3NTY4', 'VXNlcjoxMzg3NTY5', 'VXNlcjoxMzg3NTcw', 'VXNlcjoxMzg3NTcx']",[]
R3JvdXA6ODU4OTM0,Twingate - Access - Genetec Security Center,True,SYNCED,"['VXNlcjo5OTIxNTk=', 'VXNlcjoxMjg0NDU5']",['UmVzb3VyY2U6MzY0MjQwNA==']
R3JvdXA6ODU4OTM1,Twingate - Access - Security VLAN,True,SYNCED,[],['UmVzb3VyY2U6MzY0MjQwMw==']
R3JvdXA6ODU5NTky,Test - Security VLAN,True,MANUAL,['VXNlcjoxMTMyMDIw'],['UmVzb3VyY2U6MzY0MjQwMw==']

